Gemeente,NIS-code,"Mediaanprijs huizen, 2023(in euro)","Mediaanprijs huizen, 2014(in euro)",Categorie A-2023 EPC,Categorie A+-2023 EPC,Categorie B-2023 EPC,Categorie C-2023 EPC,Categorie D-2023 EPC,Categorie E-2023 EPC,Categorie F-2023 EPC,Aantal huishoudens-2020,Aantal huishoudens-2021,Aantal huishoudens-2022,Aantal huishoudens-2023,Aantal huishoudens-2024,Aantal huishoudens-2025,Aantal huishoudens-2026,Aantal huishoudens-2027,Aantal huishoudens-2028,Aantal huishoudens-2029,Aantal huishoudens-2030,Aantal huishoudens-2031,Aantal huishoudens-2032,Aantal huishoudens-2033,Aantal huishoudens-2034,Aantal huishoudens-2035,Aantal huishoudens-2036,Aantal huishoudens-2037,Aantal huishoudens-2038,Aantal huishoudens-2039,Aantal huishoudens-2040,Aantal eenpersoonshuishoudens 2020,Aantal eenpersoonshuishoudens 2021,Aantal eenpersoonshuishoudens 2022,Aantal eenpersoonshuishoudens 2023,Aantal eenpersoonshuishoudens 2024,Aantal eenpersoonshuishoudens 2025,Aantal eenpersoonshuishoudens 2026,Aantal eenpersoonshuishoudens 2027,Aantal eenpersoonshuishoudens 2028,Aantal eenpersoonshuishoudens 2029,Aantal eenpersoonshuishoudens 2030,Aantal eenpersoonshuishoudens 2031,Aantal eenpersoonshuishoudens 2032,Aantal eenpersoonshuishoudens 2033,Aantal eenpersoonshuishoudens 2034,Aantal eenpersoonshuishoudens 2035,Aantal eenpersoonshuishoudens 2036,Aantal eenpersoonshuishoudens 2037,Aantal eenpersoonshuishoudens 2038,Aantal eenpersoonshuishoudens 2039,Aantal eenpersoonshuishoudens 2040,Aandeel gebouwen met mogelijke wateroverlast in huidig klimaat,Aandeel gebouwen met mogelijke wateroverlast in 2050,Voldoende fietsinfrastructuur - oneens,Voldoende fietsinfrastructuur - neutraal,Voldoende fietsinfrastructuur - eens,Kwetsbare personen blootgesteld aan hittestress Hoog impact 2030,Kwetsbare personen blootgesteld aan hittestress Hoog impact 2050
Vlaams Gewest,2000,328800,225000,3.67,0.05,20.48,25.21,17.69,10.13,22.76,11365488,11455564,11565964,11712472,11797324,11868212,11916936,11961060,12013556,12068344,12125292,12183732,12240948,12302668,12363496,12424320,12482588,12538676,12592572,12644356,12693720,914020,929901,950143,971428,985833,996113,1003297,914020,929901,950143,971428,985833,996113,1003297,1008682,1014892,1021453,1028349,1034987,1040692,1048025,4.5,7.8,32,16,52,31.28,81.65
Aartselaar,11001,404850,280000,4.46,0,29.46,29.02,18.75,8.04,10.27,24252,24436,24660,24732,24920,25116,25272,25200,25252,25232,25204,25388,25468,25600,25556,25668,25728,25772,25848,25912,25988,1607,1640,1676,1663,1737,1792,1839,1607,1640,1676,1663,1737,1792,1839,1839,1860,1842,1829,1864,1876,1912,5.9,11.2,39,26,35,83.21,99.49
Antwerpen,11002,339000,220000,2.45,0,21.61,30.33,19.57,10.92,15.11,948148,950084,953652,970652,974444,977700,979144,979504,981580,984868,989780,994592,1000048,1005528,1010248,1015528,1020052,1024484,1029108,1033608,1037704,103464,103982,105283,108077,108680,108934,108876,103464,103982,105283,108077,108680,108934,108876,108535,108415,108661,109245,109758,110413,111152,14.3,22.8,29,15,56,89.92,99.73
Boechout,11004,451000,310000,2.34,0.58,27.49,25.15,15.2,9.94,19.3,21900,22444,23000,23120,23292,23536,23680,23844,23976,24128,24296,24528,24760,24944,25176,25388,25588,25752,25804,25840,26036,1543,1638,1731,1757,1766,1789,1774,1543,1638,1731,1757,1766,1789,1774,1780,1807,1820,1839,1875,1858,1872,3.7,5.8,12,10,78,59.96,96.6
Boom,11005,280000,180000,4.91,0,29.43,23.02,15.09,7.92,19.62,30668,31164,31056,31288,31576,31884,31992,32184,32328,32592,32948,33180,33384,33632,33816,34052,34424,34672,34948,35196,35324,2642,2706,2701,2716,2751,2783,2794,2642,2706,2701,2716,2751,2783,2794,2833,2828,2867,2906,2907,2887,2912,4,10.1,39,21,40,90.52,99.7
Borsbeek,11007,343500,260000,1.8,0,20.72,19.82,13.51,7.21,36.94,19220,19492,19680,19748,19900,19760,19748,19824,19916,19920,19960,20116,20256,20332,20480,20540,20684,20800,20836,20912,20956,1623,1645,1697,1703,1716,1698,1705,1623,1645,1697,1703,1716,1698,1705,1709,1695,1689,1694,1722,1731,1739,5.2,10.9,30,19,51,93.2,99.96
Brasschaat,11008,470000,308500,5.34,0.16,26.7,27.67,17.64,8.25,14.24,65532,65708,66168,66708,67084,67376,67584,67780,67908,68136,68192,68376,68532,68756,69036,69104,69444,69584,69792,70144,70448,4864,4887,5060,5124,5239,5301,5351,4864,4887,5060,5124,5239,5301,5351,5406,5450,5477,5469,5486,5495,5534,1.3,4.3,20,14,66,44.26,91.15
Brecht,11009,410000,296500,3.08,0,20.51,21.79,18.72,9.49,26.41,47908,48756,49532,49828,50544,51088,51608,52124,52388,52860,53276,53656,53912,54220,54652,55012,55344,55732,55948,56288,56452,2886,2962,3095,3111,3247,3329,3382,2886,2962,3095,3111,3247,3329,3382,3479,3467,3535,3599,3642,3654,3689,1.9,4.6,18,14,68,28.82,92.09
Edegem,11013,445000,288000,4.22,0.3,27.41,30.42,13.55,10.84,13.25,39104,39116,39380,40016,40180,40216,40244,40252,40424,40620,40700,40972,41128,41320,41492,41624,41916,42156,42392,42540,42840,3281,3295,3358,3441,3495,3503,3499,3281,3295,3358,3441,3495,3503,3499,3467,3507,3525,3527,3584,3566,3601,6.8,12.3,30,15,55,81.57,99.23
Essen,11016,342500,235000,3.97,0,22.19,22.19,16.89,8.94,25.83,31108,31372,31760,32200,32536,32756,32972,33116,33348,33416,33588,33708,33744,33868,33952,34048,34176,34316,34464,34584,34688,2064,2101,2164,2183,2246,2264,2348,2064,2101,2164,2183,2246,2264,2348,2355,2413,2397,2426,2458,2448,2457,2,4.1,35,15,50,29.8,85.13
Hemiksem,11018,288000,205000,7.69,0,25,23.08,17.31,10.26,16.67,18900,19112,19440,19816,20176,20452,20728,20936,21084,21328,21584,21876,22040,22260,22480,22660,22852,22988,23328,23400,23544,1302,1326,1399,1421,1443,1463,1498,1302,1326,1399,1421,1443,1463,1498,1516,1538,1564,1591,1610,1603,1619,1.9,3.9,31,16,53,93.38,99.77
Hove,11021,488000,330000,3.55,0,21.99,30.5,14.89,16.31,12.77,13340,13432,13544,13792,13836,13776,13812,13804,13748,13764,13796,13804,13888,13924,13880,13808,13756,13868,13904,13956,13948,866,886,904,932,946,931,927,866,886,904,932,946,931,927,918,907,903,910,937,955,948,0.8,1.7,17,14,69,71.23,99.31
Kalmthout,11022,446500,306000,5.2,0,17.47,29,17.84,8.18,22.3,30992,31400,31784,32356,32684,32984,33224,33504,33752,33864,34168,34436,34676,34876,35104,35380,35604,35816,35956,36080,36312,2145,2169,2196,2263,2316,2360,2396,2145,2169,2196,2263,2316,2360,2396,2434,2437,2429,2505,2552,2556,2551,1.4,3.4,19,12,69,24.54,76.76
Kapellen,11023,410000,286000,4.13,0.43,24.13,26.09,20.43,8.26,16.52,45176,45504,45796,46596,47148,47716,47964,48248,48488,48656,48904,49168,49420,49676,50036,50320,50652,50912,51132,51440,51720,3138,3155,3175,3296,3382,3513,3528,3138,3155,3175,3296,3382,3513,3528,3570,3603,3634,3650,3686,3685,3717,2.3,6.3,28,16,56,55.73,85.82
Kontich,11024,412500,265000,3.91,0,27.76,24.91,16.01,8.19,19.22,35352,35608,35892,36484,36748,36796,36984,37096,37160,37260,37384,37500,37648,37708,37860,38080,38292,38364,38528,38732,38856,2444,2480,2537,2627,2671,2694,2739,2444,2480,2537,2627,2671,2694,2739,2769,2772,2778,2812,2815,2848,2842,3.7,7.8,30,13,57,79.58,98.79
Lint,11025,476750,292000,8.24,1.18,28.24,22.35,12.94,7.06,20,13980,13988,13948,13980,14096,14164,14124,14188,14280,14232,14244,14320,14304,14308,14444,14424,14440,14516,14520,14448,14316,857,869,873,875,902,925,943,857,869,873,875,902,925,943,953,978,973,982,983,987,993,5.2,7.8,13,13,74,72.42,99.54
Mortsel,11029,419750,270000,3.28,0,26.87,26.57,17.91,10.45,14.93,45596,45904,45896,46372,46552,46632,46672,46704,46916,46932,47112,47580,47784,48148,48380,48640,49000,49476,49676,49840,50180,4035,4118,4122,4193,4231,4213,4194,4035,4118,4122,4193,4231,4213,4194,4209,4206,4189,4171,4239,4211,4253,6,10.6,14,13,73,78.23,99.64
Niel,11030,259000,180000,1.18,0,22.49,27.81,18.34,8.28,21.89,17456,17556,17712,17896,18244,18492,18804,19024,19264,19344,19444,19684,20016,20236,20352,20616,20760,20860,20996,21208,21392,1317,1380,1376,1393,1455,1492,1563,1317,1380,1376,1393,1455,1492,1563,1587,1632,1638,1639,1656,1683,1707,4.3,9.4,39,17,44,89,99.83
Ranst,11035,407500,285000,5.18,0,17.13,20.32,20.72,8.76,27.89,31772,32060,32320,32948,33440,33824,34072,34424,34408,34716,34864,35196,35532,35756,36056,36092,36420,36656,36724,36888,37072,2052,2138,2144,2267,2372,2460,2499,2052,2138,2144,2267,2372,2460,2499,2555,2570,2650,2659,2691,2716,2758,0.9,1.9,28,15,57,47.11,95.16
Rumst,11037,335000,225000,5.07,0,25.36,27.9,17.75,3.99,19.93,24764,25032,25152,25408,25524,25688,25884,25964,26044,26220,26248,26384,26416,26548,26668,26796,26712,26884,26968,27072,27212,1628,1690,1716,1736,1734,1757,1815,1628,1690,1716,1736,1734,1757,1815,1826,1819,1848,1858,1871,1858,1887,4.6,9.3,22,18,60,68.45,98.79
Schelle,11038,305000,252500,1.48,0,20.74,44.44,15.56,5.93,11.85,14108,14200,14472,14556,14612,14708,14764,14768,14876,14932,15008,14984,15092,15220,15232,15208,15296,15404,15436,15520,15532,968,973,1013,1073,1071,1067,1070,968,973,1013,1073,1071,1067,1070,1051,1060,1068,1094,1091,1115,1137,5,14.5,16,15,69,73.84,98.08
Schilde,11039,530000,372000,4.66,0,19.28,25.64,18.64,9.75,22.03,32960,33080,33308,33660,33852,33972,34092,34176,34248,34284,34236,34544,34624,34672,34840,34996,35124,35180,35360,35420,35620,2093,2111,2127,2130,2168,2201,2225,2093,2111,2127,2130,2168,2201,2225,2221,2282,2286,2254,2285,2263,2270,0.8,2.3,29,11,60,31.6,91.03
Schoten,11040,369000,270000,4.4,0,25.09,27.29,17.4,10.26,15.57,58348,58676,58688,59020,58840,58748,58528,58528,58468,58468,58592,58712,59008,59128,59468,59608,59776,60028,60080,60228,60460,4361,4437,4491,4552,4568,4579,4600,4361,4437,4491,4552,4568,4579,4600,4581,4596,4595,4614,4613,4629,4682,4.5,8.6,22,14,64,72.96,94.84
Stabroek,11044,350000,239000,1.2,0,36.55,26.1,12.85,8.43,14.86,31964,32060,32284,32544,32792,33020,33252,33456,33668,33824,33932,33984,34076,34036,34104,34396,34764,34952,35008,34920,35008,2221,2297,2343,2407,2447,2506,2544,2221,2297,2343,2407,2447,2506,2544,2594,2649,2692,2755,2741,2744,2753,2.5,6.8,36,18,46,89.57,99.6
Wijnegem,11050,360000,275000,0.81,0,23.39,23.39,19.35,15.32,17.74,16992,17140,17368,17532,17780,18040,18232,18380,18584,18740,18868,18944,19180,19348,19520,19680,19832,20036,20064,20176,20344,1280,1295,1328,1328,1326,1363,1386,1280,1295,1328,1328,1326,1363,1386,1372,1415,1420,1422,1445,1463,1477,1.2,4,10,8,82,87.19,99.52
Wommelgem,11052,397750,309000,2.25,0,24.16,26.97,16.29,7.87,22.47,21160,21304,21676,21800,21924,22084,22288,22360,22524,22608,22752,22752,22836,23004,23244,23432,23644,23664,23752,23880,23880,1408,1449,1539,1582,1575,1581,1609,1408,1449,1539,1582,1575,1581,1609,1601,1625,1635,1646,1660,1647,1661,2.7,5.6,20,14,66,85.91,99.4
Wuustwezel,11053,367500,275000,2.14,0,25.98,27.4,15.3,8.54,20.64,34204,34920,35496,35944,36432,36828,37156,37416,37656,38068,38244,38576,38884,39052,39372,39596,39700,39900,40184,40452,40612,2166,2274,2371,2479,2553,2590,2608,2166,2274,2371,2479,2553,2590,2608,2618,2639,2690,2709,2749,2786,2792,1.3,3,26,14,60,25.23,90.54
Zandhoven,11054,400000,289000,5.26,0,17.37,26.84,15.26,9.47,25.79,21868,22076,22328,22708,22792,22908,22852,23000,23064,23140,23204,23280,23220,23320,23416,23532,23556,23720,23780,23836,23976,1453,1465,1526,1600,1616,1642,1640,1453,1465,1526,1600,1616,1642,1640,1649,1673,1695,1703,1684,1649,1658,1.7,3.1,20,15,65,8.44,95.16
Zoersel,11055,459500,330000,6.25,0.28,23.01,25.85,15.34,11.08,18.18,36024,36396,36956,37268,37820,38408,38816,39112,39216,39456,39660,39956,40160,40496,40852,41192,41448,41604,41624,41784,41968,2306,2345,2464,2504,2596,2710,2789,2306,2345,2464,2504,2596,2710,2789,2841,2822,2857,2876,2899,2901,2930,0.7,1.8,26,15,59,13.58,97.09
Zwijndrecht,11056,305000,215000,3.46,0,22.31,25,18.46,7.69,23.08,32880,33044,33008,33248,33596,33844,33976,34252,34288,34420,34604,34880,35012,35148,35564,35668,35760,36000,36128,36352,36476,2556,2582,2617,2634,2707,2740,2746,2556,2582,2617,2634,2707,2740,2746,2824,2807,2822,2831,2890,2879,2894,4.3,8.1,23,15,62,92.88,99.98
Malle,11057,424000,295000,3.52,0,19.6,23.12,16.58,10.55,26.63,25564,25896,26308,26764,27264,27640,28080,28448,28852,29144,29548,29780,29928,30120,30500,30712,30916,31164,31488,31652,31992,1837,1905,1964,1988,2071,2102,2163,1837,1905,1964,1988,2071,2102,2163,2177,2247,2269,2312,2332,2321,2343,1.8,3.7,34,12,54,6.4,95.15
Berlaar,12002,335000,249000,5.39,0,11.98,22.16,13.77,8.98,37.72,19408,19556,19760,20136,20260,20460,20528,20596,20660,20844,20880,20936,21088,21212,21272,21228,21300,21236,21432,21560,21740,1329,1363,1430,1433,1472,1517,1530,1329,1363,1430,1433,1472,1517,1530,1538,1559,1579,1580,1602,1629,1647,4.2,6.7,37,16,47,0,83.96
Bonheiden,12005,430000,295000,2.78,0,19.44,18.52,15.28,15.28,28.7,24412,24576,24884,25068,25208,25216,25264,25216,25272,25312,25296,25424,25616,25732,25736,25788,25940,26032,26140,26268,26356,1607,1589,1624,1630,1678,1676,1694,1607,1589,1624,1630,1678,1676,1694,1670,1649,1630,1649,1674,1711,1727,0.3,1.1,16,10,74,3.28,93.9
Bornem,12007,347500,240000,3.42,0,22.95,22.95,19.86,8.9,21.92,37152,37520,37916,38820,39236,39708,40092,40464,40736,41116,41308,41528,41800,42040,42368,42460,42672,42920,42996,43120,43316,2792,2848,2924,3034,3169,3269,3330,2792,2848,2924,3034,3169,3269,3330,3405,3457,3550,3587,3630,3684,3720,2.6,3.9,28,18,54,66,97.11
Duffel,12009,335000,246750,5.83,0,18.93,24.76,16.5,10.19,23.79,29724,29928,30084,30280,30420,30536,30740,30848,30884,31012,31176,31328,31512,31732,31856,32120,32332,32400,32544,32728,32992,2303,2316,2350,2387,2392,2401,2411,2303,2316,2350,2387,2392,2401,2411,2405,2386,2389,2366,2394,2431,2449,4.6,7.3,23,16,61,56.92,96.88
Heist-op-den-Berg,12014,347000,225000,7.99,0,17.01,17.18,16.67,9.35,31.8,74128,74652,75984,77360,78068,78576,79096,79856,80328,80604,80928,81452,81732,82184,82580,82960,83356,83704,84140,84476,84696,5402,5503,5699,5874,6104,6204,6291,5402,5503,5699,5874,6104,6204,6291,6423,6520,6608,6678,6771,6804,6892,1.5,3,38,16,46,0,83.56
Lier,12021,319000,218000,3.92,0,22.6,30.31,15.43,8.93,18.81,65748,66592,67540,68776,69940,70892,71648,72244,72836,73372,73728,74404,75052,75652,76332,77032,77712,78104,78588,79068,79508,5751,5910,6068,6249,6481,6657,6784,5751,5910,6068,6249,6481,6657,6784,6879,6924,6994,7018,7139,7181,7272,7.5,13.1,27,15,58,66.54,95.01
Mechelen,12025,337500,212000,2.99,0,31.21,23.13,17.04,8.02,17.62,146612,147236,148128,151068,152228,152944,153604,154116,154660,155428,156256,157116,157968,159088,160140,161024,162020,162792,163924,164964,165732,12880,12933,13171,13569,13759,13851,13922,12880,12933,13171,13569,13759,13851,13922,13994,13992,14118,14173,14279,14311,14431,8.7,15.4,19,15,66,76.84,97.35
Nijlen,12026,335000,242500,4.38,0,25.94,18.75,14.37,7.81,28.75,38288,38604,39256,39572,39820,40148,40220,40300,40508,40572,40736,40840,41048,41268,41372,41576,41712,41820,42252,42504,42592,2514,2602,2711,2761,2843,2871,2925,2514,2602,2711,2761,2843,2871,2925,2931,2987,2999,3021,3052,3047,3080,2,3.9,28,12,60,11.03,95.2
Putte,12029,335000,261000,4.3,0,14.45,15.62,15.23,8.98,41.41,30684,31064,31772,32268,32824,33140,33352,33664,34044,34308,34476,34704,34904,35224,35440,35728,35996,36276,36520,36884,36972,2184,2241,2328,2416,2505,2556,2563,2184,2241,2328,2416,2505,2556,2563,2609,2659,2691,2695,2704,2726,2738,1,2.4,30,14,56,0.52,82.17
Sint-Katelijne-Waver,12035,389000,270000,7.29,0,18.06,17.71,16.67,11.81,28.47,33316,33884,34204,34776,34956,35020,35160,35200,35372,35452,35396,35540,35668,35816,35940,36164,36272,36576,36784,37004,37180,2172,2259,2301,2404,2439,2432,2454,2172,2259,2301,2404,2439,2432,2454,2469,2496,2476,2423,2428,2455,2448,1,2.3,23,12,65,27.21,92.56
Willebroek,12040,300000,210000,4.28,0,24.94,23.17,18.89,9.57,19.14,43072,43612,44496,44820,45488,45996,46436,46800,47288,47704,48104,48508,48736,49108,49584,49844,50064,50516,50968,51328,51720,3172,3269,3427,3386,3480,3559,3623,3172,3269,3427,3386,3480,3559,3623,3642,3707,3783,3867,3877,3859,3899,10.3,17.2,36,24,40,77.13,98.44
Puurs-Sint-Amands,12041,350000,219000,3.21,0,22.19,22.19,17.11,9.89,25.4,43008,43320,43768,44444,44824,45348,45596,45772,46096,46340,46608,46844,46964,47292,47644,47900,48176,48364,48588,48912,49288,2897,2979,3066,3138,3222,3303,3330,2897,2979,3066,3138,3222,3303,3330,3358,3427,3460,3476,3510,3521,3552,3.1,6.5,30,15,55,48.89,94.2
Arendonk,13001,315000,215000,6.06,0,11.11,27.27,24.24,11.11,20.2,21872,21984,22272,22356,22752,23028,23252,23400,23552,23820,24000,24040,24176,24500,24604,24748,24764,24812,24860,24908,25024,1512,1574,1612,1616,1695,1759,1813,1512,1574,1612,1616,1695,1759,1813,1853,1872,1918,1927,1941,1981,2043,0.9,3.4,24,17,59,3.31,97.84
Baarle-Hertog,13002,397000,267500,4.65,0,34.88,41.86,6.98,2.33,9.3,4800,4944,5032,5060,5212,5388,5488,5552,5600,5680,5708,5748,5768,5816,5876,6016,6096,6160,6212,6280,6316,358,381,383,376,385,420,407,358,381,383,376,385,420,407,417,422,413,402,407,405,418,3.2,6.7,24,21,55,15.93,76.21
Balen,13003,280000,193000,5.73,0.29,16.05,18.91,17.19,11.46,30.37,38100,38388,38812,39344,39748,40064,40180,40316,40556,40528,40700,40780,41052,41352,41476,41736,41884,42128,42352,42424,42640,2612,2695,2769,2812,2883,2931,2926,2612,2695,2769,2812,2883,2931,2926,2967,2981,2952,2967,2963,2994,3002,2.2,4.2,24,14,62,7.22,95.1
Beerse,13004,395000,249250,6.34,0,20.07,23.59,17.96,7.39,24.65,29220,29476,29840,30132,30528,30900,31188,31316,31348,31504,31700,31964,32240,32384,32504,32704,32872,32996,33172,33336,33520,1804,1818,1872,1964,2002,2073,2130,1804,1818,1872,1964,2002,2073,2130,2147,2150,2173,2174,2205,2237,2268,2.8,6.6,29,16,55,28.59,97.5
Dessel,13006,310000,210000,6.92,0,15.09,22.64,14.47,13.21,27.67,15892,16056,16184,16472,16516,16512,16688,16700,16732,16768,16876,16996,17036,17240,17364,17440,17556,17632,17752,17840,17972,1048,1077,1103,1161,1153,1126,1172,1048,1077,1103,1161,1153,1126,1172,1148,1146,1136,1156,1185,1177,1185,1,2.5,18,18,64,6.98,98.04
Geel,13008,336000,230000,5.34,0,18.33,22.51,19.03,9.28,25.52,70648,71296,72140,73476,74464,75208,76000,76660,77472,77984,78480,79080,79776,80360,80952,81448,82184,82908,83284,83832,84352,5799,5874,6085,6284,6435,6521,6636,5799,5874,6085,6284,6435,6521,6636,6730,6879,6936,6969,7059,7127,7210,3.2,5.9,30,16,54,0.47,88.49
Grobbendonk,13010,320000,274000,2.76,0,11.72,24.83,15.86,8.97,35.86,18940,19396,19720,19820,19972,20044,20084,20140,20144,20192,20184,20208,20260,20260,20348,20272,20288,20372,20368,20300,20148,1258,1335,1363,1382,1405,1410,1432,1258,1335,1363,1382,1405,1410,1432,1471,1471,1492,1500,1512,1517,1505,1.9,3.9,22,15,63,1.29,96.97
Herentals,13011,298000,215000,3.26,0,21.86,25.12,13.02,10.47,26.28,50916,51304,52036,52384,52920,53372,53728,53928,54052,54308,54620,55028,55292,55560,55856,56108,56400,56708,56964,57212,57424,4254,4417,4532,4597,4732,4790,4882,4254,4417,4532,4597,4732,4790,4882,4940,4958,5009,5074,5153,5150,5179,5.5,9.5,33,14,53,8.5,96.47
Herenthout,13012,300000,215000,3.74,0,22.43,23.36,14.02,10.28,26.17,15796,15972,16504,16608,16880,17164,17380,17580,17732,17824,18000,18228,18296,18416,18560,18672,18840,18992,19184,19276,19360,1144,1183,1290,1251,1282,1338,1388,1144,1183,1290,1251,1282,1338,1388,1424,1440,1454,1471,1498,1512,1530,3.2,6.3,34,26,40,4.25,90.6
Herselt,13013,285000,197000,3.63,0,12.95,17.1,15.54,7.77,43.01,24668,25040,25200,25492,25580,25592,25608,25752,25696,25852,25868,25912,26112,26240,26292,26400,26504,26604,26672,26900,27024,1719,1786,1799,1879,1895,1868,1877,1719,1786,1799,1879,1895,1868,1877,1900,1868,1884,1860,1863,1920,1923,1.4,3.1,27,16,57,0,76.25
Hoogstraten,13014,413851,285000,5.86,0,25.27,27.11,15.02,6.59,20.15,35172,35628,36428,36984,37196,37360,37476,37544,37656,37748,37848,37944,38072,38228,38252,38316,38476,38496,38416,38608,38712,2409,2474,2579,2632,2653,2639,2632,2409,2474,2579,2632,2653,2639,2632,2646,2657,2700,2681,2682,2703,2731,1.7,3.6,31,16,53,41.45,98.05
Hulshout,13016,355500,210000,0.73,1.46,18.98,15.33,14.6,9.49,39.42,18240,18436,18560,18732,18912,19088,19184,19336,19532,19680,19828,19948,20076,20120,20296,20484,20592,20664,20816,20904,20884,1350,1371,1415,1434,1493,1533,1542,1350,1371,1415,1434,1493,1533,1542,1557,1561,1588,1634,1662,1686,1673,1.8,2.7,29,17,54,0,92.09
Kasterlee,13017,350000,255000,4.29,0.43,18.88,20.17,17.17,9.87,29.18,31680,32116,32492,33108,33532,33748,33860,34072,34036,34340,34484,34480,34552,34756,34928,35172,35276,35344,35444,35676,35860,2147,2218,2291,2337,2408,2445,2456,2147,2218,2291,2337,2408,2445,2456,2480,2450,2516,2557,2535,2549,2579,2.4,4.8,24,16,60,0.44,94.51
Lille,13019,343500,250000,5.56,0,17.59,19.91,15.28,8.33,33.33,27288,27524,28068,28404,28736,28976,29036,29272,29380,29440,29572,29640,29720,29876,30000,30212,30340,30464,30424,30528,30600,1753,1797,1896,1906,1991,2047,2067,1753,1797,1896,1906,1991,2047,2067,2111,2139,2148,2149,2166,2170,2196,0.8,1.9,28,15,57,9.22,93.79
Meerhout,13021,280000,190500,1.85,0,12.96,17.59,22.22,11.11,34.26,17672,17708,17716,17992,18004,18124,18292,18344,18424,18404,18580,18580,18712,18888,18972,19024,19080,19060,19164,19280,19312,1241,1286,1302,1370,1366,1402,1437,1241,1286,1302,1370,1366,1402,1437,1430,1436,1428,1455,1446,1475,1496,1.2,2.5,57,16,27,6.66,88.52
Merksplas,13023,360000,259500,3.65,0,26.28,32.12,17.52,4.38,16.06,13356,13420,13520,13860,13936,13980,14100,14080,14200,14204,14256,14344,14484,14524,14568,14644,14672,14644,14580,14624,14604,798,788,804,881,881,888,926,798,788,804,881,881,888,926,933,951,943,958,975,995,974,1.9,4.3,15,9,76,20.59,93.6
Mol,13025,290000,200000,3.75,0.19,17.26,23.08,18.76,10.32,26.64,63892,64588,65864,67044,67392,67884,68076,68332,68568,69104,69392,69992,70364,70744,71232,71620,71976,72312,72640,72996,73188,4945,5097,5277,5403,5479,5548,5587,4945,5097,5277,5403,5479,5548,5587,5579,5610,5678,5718,5793,5835,5903,2.8,5.3,36,16,48,6.08,98.19
Olen,13029,325000,230000,3.41,0,25,24.43,17.61,8.52,21.02,21016,21216,21348,21552,21656,21728,21672,21692,21672,21680,21784,21744,21784,21752,21736,21844,21832,21872,21948,21924,21976,1425,1452,1486,1533,1557,1555,1555,1425,1452,1486,1533,1557,1555,1555,1572,1579,1579,1605,1600,1602,1596,2.3,4.6,14,18,68,0.04,94.61
Oud-Turnhout,13031,345750,265000,3.54,0,28.79,23.23,17.68,8.59,18.18,22596,22988,23364,23940,24216,24452,24736,24828,24976,25112,25160,25204,25268,25332,25508,25564,25684,25824,25972,26188,26236,1340,1414,1468,1521,1560,1590,1645,1340,1414,1468,1521,1560,1590,1645,1644,1668,1691,1707,1699,1710,1708,1.6,3.7,33,16,51,20.84,96.34
Ravels,13035,355000,250500,4.08,0,20.82,24.08,17.55,9.39,24.08,24808,25208,25508,25756,26004,26164,26348,26500,26720,26888,26968,27168,27284,27380,27592,27740,27848,28108,28216,28332,28424,1600,1666,1681,1723,1759,1758,1782,1600,1666,1681,1723,1759,1758,1782,1786,1806,1810,1796,1848,1859,1893,1.3,2.6,26,12,62,3.92,96.45
Retie,13036,340000,229000,1.23,0,23.31,17.79,20.25,8.59,28.83,18612,18812,19084,19388,19448,19520,19544,19732,19880,19900,19980,20056,20184,20204,20312,20376,20508,20528,20668,20824,20820,1141,1161,1173,1192,1187,1193,1165,1141,1161,1173,1192,1187,1193,1165,1201,1224,1201,1210,1222,1237,1249,0.9,1.5,14,14,72,3.4,91.16
Rijkevorsel,13037,372000,240000,6.06,0.61,18.18,25.45,16.36,6.06,27.27,19516,19684,19912,20344,20840,21092,21260,21492,21640,21768,21884,22008,22072,22304,22508,22556,22708,22896,23036,22984,23044,1266,1301,1356,1403,1511,1541,1562,1266,1301,1356,1403,1511,1541,1562,1595,1633,1650,1688,1703,1718,1749,1.9,4.2,23,17,60,18.59,92.85
Turnhout,13040,275000,195000,3.65,0,22.84,33.92,16.89,10.14,12.57,80396,81744,82764,83540,84656,85600,86056,86868,87412,88112,88856,89488,90296,90960,91484,92208,93016,93580,94056,94612,95220,7292,7540,7732,7836,7950,8038,8039,7292,7540,7732,7836,7950,8038,8039,8122,8106,8155,8212,8283,8342,8382,10.5,17.3,39,17,44,54.63,98.99
Vorselaar,13044,365000,219000,4.95,0,15.84,20.79,16.83,13.86,27.72,13476,13592,13696,13860,14032,14044,14144,14248,14280,14276,14260,14268,14352,14544,14592,14592,14664,14776,14892,14976,15012,972,989,1001,1027,1072,1070,1107,972,989,1001,1027,1072,1070,1107,1114,1118,1111,1116,1116,1121,1166,1.3,2.8,26,19,55,2.95,94.11
Vosselaar,13046,380000,280000,2.31,0,18.46,26.92,22.31,5.38,24.62,18280,18604,18836,19164,19352,19592,19824,19912,20048,20080,20188,20200,20308,20468,20664,20828,20900,20940,21072,21196,21184,1103,1156,1174,1181,1213,1257,1288,1103,1156,1174,1181,1213,1257,1288,1309,1301,1289,1332,1346,1356,1387,4.6,8.1,22,16,62,27.21,99.55
Westerlo,13049,305000,225000,4.83,0,16.21,24.14,18.28,12.41,24.14,42340,42816,43100,43404,43876,44012,44120,44328,44460,44644,44836,45064,45264,45468,45752,45792,46032,46104,46208,46396,46556,2935,3001,3100,3143,3243,3259,3266,2935,3001,3100,3143,3243,3259,3266,3306,3334,3350,3382,3420,3432,3464,1.6,3.2,20,13,67,0.05,88.39
Laakdal,13053,299500,200000,4.37,0,13.66,25.68,15.3,10.93,30.05,28048,28316,28740,29192,29496,29868,29944,30068,30228,30356,30388,30548,30632,30872,31112,31300,31528,31696,31772,31864,32068,2012,2058,2138,2204,2264,2358,2363,2012,2058,2138,2204,2264,2358,2363,2393,2456,2469,2459,2497,2499,2536,1.8,3.3,28,19,53,0,85.46
Asse,23002,365000,250000,4.15,0,20.98,23.32,17.36,12.69,21.5,53360,53812,54444,55608,56368,56856,57140,57404,57840,58292,58632,59016,59412,59808,60232,60620,61036,61444,61860,62116,62412,3897,3948,3970,4103,4177,4208,4194,3897,3948,3970,4103,4177,4208,4194,4157,4177,4230,4239,4266,4252,4244,2.7,5.6,32,18,50,41.69,92.93
Beersel,23003,410000,300000,2.75,0,14.45,26.83,23.62,11.93,20.41,38784,39548,39792,40248,40808,41364,41512,41832,42232,42612,43080,43512,43708,43768,43968,44436,44556,44856,45204,45448,45724,2361,2467,2453,2457,2511,2551,2510,2361,2467,2453,2457,2511,2551,2510,2525,2540,2609,2663,2715,2718,2674,11.4,16,31,20,49,0,85.37
Dilbeek,23016,425000,290000,2.13,0.36,16.7,29.13,18.12,13.85,19.72,70524,70868,71104,71440,72448,73192,73824,74228,74904,75224,75732,76340,76776,77160,77440,77972,78472,78848,79168,79620,79880,5275,5304,5298,5272,5411,5476,5628,5275,5304,5298,5272,5411,5476,5628,5699,5790,5818,5860,5920,5958,5989,3,5.3,48,14,38,39.6,92.81
Galmaarden,23023,310000,240000,4.62,0,19.23,12.31,14.62,13.08,36.15,14400,14368,14372,14488,14520,14608,14604,14684,14824,14924,14904,14884,14996,15076,15152,15192,15320,15388,15468,15552,15608,934,934,931,918,936,954,934,934,934,931,918,936,954,934,940,965,971,974,968,990,998,3.3,5.8,68,15,17,0,6.78
Gooik,23024,425000,263000,2.07,0,13.1,26.21,20.69,8.28,29.66,15016,15168,15444,15464,15496,15496,15620,15720,15708,15700,15744,15776,15744,15704,15768,15780,15824,15792,15944,15860,15752,959,1014,1046,1035,1054,1075,1117,959,1014,1046,1035,1054,1075,1117,1142,1154,1141,1182,1183,1161,1163,2.3,4,38,12,50,0,16.36
Grimbergen,23025,400000,275000,3,0,21.89,25.32,18.88,9.66,21.24,63092,63596,64204,65296,66028,66632,67112,67352,67956,68388,68924,69404,69776,70036,70340,70720,71160,71356,71596,72032,72404,4993,5049,5212,5363,5503,5558,5570,4993,5049,5212,5363,5503,5558,5570,5568,5643,5682,5708,5737,5765,5756,8,12.8,42,16,42,64.52,96.76
Halle,23027,330000,230000,2.36,0,18,25.09,22.55,13.45,18.55,67608,68552,69568,70988,71948,72940,73592,74356,75092,75936,76676,77348,78148,78892,79436,79948,80448,80864,81356,81804,82352,5426,5532,5681,5908,6019,6085,6139,5426,5532,5681,5908,6019,6085,6139,6212,6278,6376,6464,6479,6549,6638,8.5,13.6,33,20,47,0.29,82.17
Herne,23032,317500,266250,1.09,0,11.96,19.57,18.48,15.22,33.7,10792,10836,10920,11036,11016,11016,10940,10888,10956,11016,11056,11116,11108,11164,11220,11284,11368,11396,11472,11492,11468,692,703,704,759,755,741,738,692,703,704,759,755,741,738,728,730,735,743,753,719,726,1.6,4,45,19,36,0,4.47
Hoeilaart,23033,510000,319000,1.68,0,22.9,29.05,17.88,12.85,15.64,17988,18168,18152,18236,18412,18576,18604,18536,18756,18892,18968,19164,19216,19388,19452,19472,19488,19420,19504,19540,19676,1227,1234,1259,1272,1289,1301,1294,1227,1234,1259,1272,1289,1301,1294,1288,1297,1320,1313,1329,1335,1349,7.3,10.9,38,17,45,0,86.2
Kampenhout,23038,439500,270000,8.14,0,19.19,17.44,19.77,12.79,22.67,19552,19828,19872,19928,20040,20188,20268,20304,20372,20484,20496,20600,20708,20808,20908,20968,21104,21220,21264,21360,21368,1252,1295,1281,1278,1273,1296,1288,1252,1295,1281,1278,1273,1296,1288,1283,1284,1321,1311,1324,1326,1324,4,7,22,22,56,0.03,75.11
Kapelle-op-den-Bos,23039,385000,250000,0.77,0,21.54,21.54,16.92,10,29.23,16484,16480,16588,16732,16716,16700,16760,16800,16828,16892,16960,17012,17068,17188,17296,17356,17440,17460,17476,17596,17620,1289,1291,1315,1367,1341,1328,1324,1289,1291,1315,1367,1341,1328,1324,1326,1318,1347,1370,1373,1370,1377,4.2,9,34,18,48,35.87,89.8
Liedekerke,23044,319005,204000,2.99,0,15.92,22.89,20.4,11.94,25.87,21724,21860,22056,22456,22796,22960,23228,23392,23488,23664,23836,23904,24008,24112,24248,24404,24652,24784,24948,25064,25108,1503,1520,1541,1598,1669,1674,1714,1503,1520,1541,1598,1669,1674,1714,1727,1720,1725,1733,1718,1733,1725,5.5,11.1,47,18,35,0.25,96.08
Londerzeel,23045,375000,269000,2.12,0,23.73,20.76,16.95,9.75,26.69,31276,31652,31880,32192,32484,32856,33096,33268,33504,33704,33868,34072,34260,34484,34628,34788,34712,34960,35136,35328,35556,2204,2260,2284,2351,2404,2435,2467,2204,2260,2284,2351,2404,2435,2467,2510,2538,2570,2597,2612,2661,2688,6.6,11.5,36,17,47,27.66,86.99
Machelen,23047,355000,222500,1.85,0,13.58,27.16,18.52,14.81,24.07,22592,23032,23316,23676,23952,24092,24164,24260,24432,24704,24756,25036,25224,25372,25452,25640,25828,26136,26268,26376,26416,1521,1591,1609,1609,1623,1610,1587,1521,1591,1609,1609,1623,1610,1587,1572,1559,1542,1509,1543,1552,1550,7.5,12.4,26,21,53,58.09,97.81
Meise,23050,449000,338000,3.91,0,18.51,25.98,18.15,12.1,21.35,31864,32208,32636,33116,33460,33664,33984,34228,34488,34660,35036,35372,35648,35924,36152,36156,36352,36616,36748,36980,37192,2166,2229,2294,2370,2428,2448,2473,2166,2229,2294,2370,2428,2448,2473,2489,2481,2478,2519,2565,2584,2638,4.2,7.4,37,20,43,44.48,92.56
Merchtem,23052,400000,272500,6.5,0,17.5,22.5,18.5,8.5,26.5,28392,29232,29904,30268,30668,31116,31232,31548,31840,32208,32452,32660,32904,33060,33264,33484,33680,33764,33844,34148,34308,2196,2301,2404,2418,2527,2586,2587,2196,2301,2404,2418,2527,2586,2587,2634,2692,2758,2785,2791,2828,2825,7.2,11,36,16,48,34.15,87.05
Opwijk,23060,342500,242500,7.73,0,19.34,16.57,16.57,9.39,30.39,24116,24180,24304,24364,24396,24464,24512,24608,24736,24928,25068,25056,25076,25132,25336,25432,25588,25748,25848,26080,26124,1696,1720,1762,1803,1807,1790,1781,1696,1720,1762,1803,1807,1790,1781,1778,1787,1796,1815,1789,1802,1810,5.6,10.3,37,13,50,26.64,93.23
Overijse,23062,542500,360000,2.7,0,17.34,28.15,17.79,13.29,20.72,40264,40416,40728,40804,40848,40792,40756,40672,40800,41012,41044,41172,41364,41416,41644,41664,41696,41752,41888,42076,42184,2723,2706,2750,2730,2738,2704,2688,2723,2706,2750,2730,2738,2704,2688,2665,2662,2708,2686,2694,2707,2680,5.1,7.5,31,17,52,0,70.56
Pepingen,23064,367500,332500,6.25,0,16.67,18.75,14.58,10.42,33.33,6684,6732,6768,6860,6912,6984,7044,7048,7072,7092,7104,7148,7108,7156,7160,7132,7092,7104,7064,7072,7104,349,365,373,382,394,403,411,349,365,373,382,394,403,411,412,417,420,431,444,434,443,1.8,3.1,51,14,35,0,6.64
Sint-Pieters-Leeuw,23077,365000,250000,1.24,0,14.93,23.38,22.39,14.18,23.88,54128,54572,54948,55420,56368,57316,57820,58228,58752,59312,59880,60244,60588,61100,61816,62052,62448,62832,63048,63484,63760,3733,3771,3814,3833,3907,3972,3965,3733,3771,3814,3833,3907,3972,3965,3984,3965,4002,4037,4030,4005,4036,8.4,14.4,29,23,48,20.72,80.75
Steenokkerzeel,23081,443750,275000,5.11,0,17.61,31.25,18.75,9.66,17.61,19168,19260,19484,19748,20156,20396,20672,20836,21112,21240,21408,21652,21840,21924,22040,22104,22292,22332,22492,22644,22728,1165,1184,1204,1253,1315,1331,1356,1165,1184,1204,1253,1315,1331,1356,1360,1389,1373,1392,1437,1487,1480,4.7,9.2,30,14,56,0.45,92.5
Ternat,23086,350000,255000,1.84,0,16.18,29.41,18.01,12.13,22.43,26064,26328,26460,26684,27072,27440,27608,27752,27928,28116,28132,28408,28456,28732,28872,29032,29284,29492,29716,29996,30064,1740,1801,1824,1831,1901,1936,1991,1740,1801,1824,1831,1901,1936,1991,1999,2000,1997,1995,2034,2027,2053,9.2,13.2,42,21,37,20.63,90.77
Vilvoorde,23088,349000,241000,2.48,0.21,20.66,27.89,21.69,10.74,16.32,68620,68572,69248,70036,71536,72848,73956,74736,75764,76892,77868,78912,79612,80432,81280,81968,82584,83052,83672,84252,84820,5025,5032,5055,5096,5195,5258,5332,5025,5032,5055,5096,5195,5258,5332,5325,5375,5440,5501,5562,5601,5681,5.9,10.4,36,14,50,75,98.13
Zaventem,23094,445000,280000,2.46,0,23.44,31.03,15.4,9.38,18.3,56032,56876,57908,58220,58908,59368,59656,59836,60316,60808,61408,61924,62436,62868,63216,63768,64188,64444,64952,65332,65620,4445,4600,4713,4664,4682,4667,4633,4445,4600,4713,4664,4682,4667,4633,4604,4621,4622,4666,4698,4726,4729,8.1,13.1,31,18,51,1.79,93.48
Zemst,23096,399500,265000,4.81,0,22.76,19.23,14.42,10.58,28.21,37028,37216,37332,37476,37712,37596,37624,37516,37508,37612,37572,37544,37476,37452,37452,37412,37356,37464,37444,37520,37408,2230,2218,2244,2272,2341,2342,2379,2230,2218,2244,2272,2341,2342,2379,2409,2441,2482,2484,2482,2503,2492,3.5,6.1,17,15,68,28.19,91.06
Roosdaal,23097,360000,250000,3.65,0,17.71,21.88,15.62,11.46,29.69,18572,18624,18804,19052,19352,19348,19476,19536,19660,19748,19792,19832,19932,20096,20100,20104,20168,20120,20192,20340,20440,1152,1151,1185,1208,1273,1250,1281,1152,1151,1185,1208,1273,1250,1281,1277,1263,1277,1303,1309,1335,1373,3.2,5.8,54,17,29,0,70.58
Drogenbos,23098,345250,250000,4,0,28,18,20,10,20,9148,9156,9132,9268,9660,9952,10200,10352,10544,10776,10928,11184,11324,11504,11656,11788,11940,12076,12144,12212,12260,752,733,698,722,775,795,812,752,733,698,722,775,795,812,793,802,821,831,830,834,855,28.7,38.2,27,23,50,33.49,99.57
Kraainem,23099,622500,370000,2.19,0,27.19,26.75,23.25,10.53,10.09,21496,21644,21748,22108,21984,21748,21648,21516,21488,21628,21604,21664,21528,21584,21612,21704,21824,21824,21836,21888,21896,1580,1617,1622,1722,1689,1639,1585,1580,1617,1622,1722,1689,1639,1585,1564,1545,1546,1529,1530,1516,1520,4.3,7.6,27,12,61,0.44,86.9
Linkebeek,23100,420000,350000,1.3,0,22.08,25.97,19.48,7.79,23.38,7860,7940,7920,7924,7888,7816,7772,7588,7576,7576,7624,7644,7572,7624,7588,7512,7572,7472,7468,7464,7452,639,652,646,684,663,633,621,639,652,646,684,663,633,621,592,572,550,558,590,568,571,4.3,6.9,68,13,19,0,85.79
Sint-Genesius-Rode,23101,585000,400000,2.65,0,13.24,32.06,22.65,12.35,17.06,28300,28556,28680,28940,29044,29200,29200,29188,29292,29516,29568,29616,29748,29760,29808,29856,29964,30072,30004,30116,30136,1804,1839,1871,1933,1942,1961,1959,1804,1839,1871,1933,1942,1961,1959,1923,1931,1950,1957,1943,1959,1966,4.7,7.6,35,21,44,0.01,92.5
Wemmel,23102,423000,329000,1.49,0,16.42,24.88,23.88,14.93,18.41,26972,27364,27232,27972,28520,28928,29232,29464,29816,30264,30652,30952,31140,31376,31800,31988,32216,32360,32660,32824,32964,2055,2142,2066,2126,2130,2147,2148,2055,2142,2066,2126,2130,2147,2148,2126,2124,2136,2160,2163,2134,2151,4.6,8.3,33,11,56,75.4,99.18
Wezembeek-Oppem,23103,590000,402500,3.66,0,19.51,32.11,19.11,10.98,14.63,22068,22124,22536,22732,23040,23112,23040,22992,23084,23136,23152,23232,23280,23408,23428,23416,23452,23576,23508,23628,23616,1595,1594,1609,1641,1699,1713,1690,1595,1594,1609,1641,1699,1713,1690,1665,1680,1679,1690,1688,1691,1708,3.8,7.3,40,22,38,0.05,94.67
Lennik,23104,460000,285000,3.64,0,14.55,19.09,16.36,14.55,31.82,14488,14652,14860,15008,14992,15016,15100,15104,15116,15224,15256,15220,15328,15368,15436,15464,15560,15616,15776,15772,15752,927,932,957,974,952,957,939,927,932,957,974,952,957,939,925,919,913,921,915,947,932,2.6,4.4,50,18,32,0,56.02
Affligem,23105,347000,222000,4.28,0,16.58,19.25,20.32,11.76,27.81,21064,21212,21408,21468,21656,21700,21668,21696,21796,22032,21992,22264,22328,22496,22512,22352,22612,22676,22784,22772,22748,1214,1246,1302,1282,1327,1357,1354,1214,1246,1302,1282,1327,1357,1354,1331,1349,1390,1351,1402,1392,1417,6.1,10.2,59,15,26,7.74,93.72
Aarschot,24001,301000,205000,3.48,0.22,14.35,23.91,21.3,11.74,25,54480,55324,55992,56756,57100,57536,57644,57856,57864,58056,58340,58668,58984,59160,59468,59760,59944,60264,60524,60792,61020,4586,4763,4861,5043,5149,5248,5283,4586,4763,4861,5043,5149,5248,5283,5329,5300,5346,5385,5411,5458,5459,5.7,10.3,40,14,46,0,79.23
Begijnendijk,24007,330000,245000,4.8,0,8,24,16.8,9.6,36.8,17100,17280,17544,17772,17928,18004,18132,18244,18324,18436,18500,18584,18648,18736,18848,18896,19004,19032,19068,19084,19096,1045,1081,1112,1133,1171,1207,1241,1045,1081,1112,1133,1171,1207,1241,1266,1259,1252,1269,1289,1305,1301,0.4,1.7,29,18,53,0,85.13
Bekkevoort,24008,300000,191000,3.7,0,16.05,13.58,17.28,11.11,38.27,10440,10504,10728,11516,11636,11736,11800,11768,11796,11876,11896,11912,11920,11944,11952,12032,12044,11960,12044,12072,12112,721,730,735,905,929,944,954,721,730,735,905,929,944,954,959,983,997,1002,992,993,988,3.4,6.4,34,17,49,0,15.37
Bertem,24009,420004,292700,4.17,0,20.14,21.53,15.28,13.19,25.69,16012,16124,16440,16548,16724,16776,16848,16868,16892,16920,16904,17044,17144,17312,17448,17324,17312,17272,17412,17492,17452,1015,1019,1088,1116,1168,1182,1187,1015,1019,1088,1116,1168,1182,1187,1186,1193,1175,1204,1206,1214,1238,12.1,17,51,14,35,0,73.94
Bierbeek,24011,475000,287000,6.5,0,21.14,30.89,15.45,11.38,14.63,15984,16124,16348,16680,17024,17252,17412,17432,17508,17592,17756,17884,17980,18128,18232,18452,18588,18656,18708,18848,18860,1058,1068,1102,1143,1202,1227,1257,1058,1068,1102,1143,1202,1227,1257,1263,1276,1270,1302,1319,1331,1354,4.1,7,27,13,60,0,51.76
Boortmeerbeek,24014,388000,295000,6.35,0,16.4,22.75,15.87,10.05,28.57,20340,20672,21100,21560,21896,22108,22288,22540,22724,22900,22864,22864,23048,23236,23332,23432,23660,23724,23904,24108,24164,1272,1321,1385,1429,1463,1472,1513,1272,1321,1385,1429,1463,1472,1513,1543,1537,1571,1578,1562,1565,1577,2.5,4.7,39,11,50,1.25,94.96
Boutersem,24016,410000,250000,3.45,0,23.28,18.97,15.52,10.34,28.45,12904,13036,13268,13632,13888,14060,14132,14256,14284,14376,14344,14368,14400,14536,14544,14648,14700,14676,14668,14840,14776,773,791,804,870,937,1005,1010,773,791,804,870,937,1005,1010,1017,1042,1053,1051,1058,1045,1065,3.1,6.1,53,19,28,0,40.7
Diest,24020,285000,207500,3.24,0,17.4,26.25,19.47,11.8,21.83,42324,42860,43124,43608,44028,44292,44560,44672,44988,45404,45884,46104,46416,46560,46864,47124,47240,47388,47644,47908,48212,3372,3486,3558,3638,3721,3758,3749,3372,3486,3558,3638,3721,3758,3749,3752,3826,3874,3940,3985,3988,4020,13.9,18.3,28,18,54,0,81.51
Geetbets,24028,270000,177500,3.85,0,16.35,15.38,18.27,11.54,34.62,10168,10344,10392,10484,10500,10496,10520,10484,10420,10472,10372,10404,10452,10500,10568,10600,10596,10732,10740,10776,10792,665,684,698,699,690,678,700,665,684,698,699,690,678,700,684,682,705,683,681,702,720,4.2,6.7,32,14,54,0,15.76
Haacht,24033,356000,250000,5.24,0,21.83,20.96,16.59,8.3,27.07,24464,24896,25372,25752,26168,26476,26596,26696,26896,27112,27276,27324,27484,27652,27800,27916,28128,28080,28336,28528,28704,1596,1660,1712,1771,1850,1901,1925,1596,1660,1712,1771,1850,1901,1925,1951,1982,2009,2035,2044,2062,2069,1.8,3.7,35,22,43,0,86.14
Herent,24038,435000,295750,6.62,0,21.25,21.95,18.12,8.71,23.34,35952,36268,37232,38068,38492,38800,39044,39292,39544,39776,39996,40184,40604,40796,41100,41324,41688,42040,42200,42428,42692,2558,2587,2747,2886,2980,3028,3086,2558,2587,2747,2886,2980,3028,3086,3121,3160,3213,3228,3202,3257,3264,4.2,8.3,34,16,50,0.2,84.09
Hoegaarden,24041,330000,225000,2.02,0,28.28,24.24,17.17,8.08,20.2,11232,11272,11328,11372,11280,11272,11244,11200,11248,11244,11248,11316,11288,11292,11336,11360,11436,11464,11420,11392,11476,831,820,847,850,829,820,820,831,820,847,850,829,820,820,820,831,815,795,808,819,817,17.3,23.4,49,15,36,0,35.85
Holsbeek,24043,370000,280000,5.8,0,15.94,20.29,14.49,14.49,28.99,15996,16236,16328,16508,16752,16816,16980,17052,17176,17284,17232,17200,17212,17220,17292,17216,17300,17316,17356,17440,17452,1035,1081,1106,1117,1189,1210,1249,1035,1081,1106,1117,1189,1210,1249,1264,1286,1313,1300,1271,1266,1246,4.4,7.3,31,13,56,0,61.62
Huldenberg,24045,450000,305500,3.12,0,16.88,33.75,18.12,8.75,19.38,15556,15728,15772,16000,16136,16320,16408,16408,16472,16548,16612,16696,16676,16832,16828,16904,16908,17008,17032,16964,16900,983,1005,990,1028,1057,1084,1106,983,1005,990,1028,1057,1084,1106,1107,1103,1104,1128,1139,1111,1151,4.8,7.4,53,13,34,0,46.9
Keerbergen,24048,486532,330000,5.73,0,21.15,30.4,12.78,8.37,21.59,21176,21468,21700,22044,22216,22244,22336,22464,22556,22652,22596,22620,22800,22816,22964,23060,23048,23044,23136,23256,23100,1274,1294,1328,1410,1440,1456,1466,1274,1294,1328,1410,1440,1456,1466,1472,1482,1507,1509,1515,1537,1536,1.4,2.4,35,19,46,0.11,93.64
Kortenaken,24054,285000,207500,3.74,0,7.48,20.56,18.69,8.41,41.12,12932,13004,13028,13060,13144,13072,13052,13108,13152,13092,13132,13088,13080,13060,13116,13196,13232,13272,13264,13308,13308,794,795,787,793,827,814,794,794,795,787,793,827,814,794,797,817,802,813,805,835,810,1.8,3.3,30,16,54,0,6.49
Kortenberg,24055,425000,300000,4.38,0,23.57,29.63,16.5,9.43,16.5,32868,33140,33364,33872,34408,34648,34860,35036,35060,35152,35408,35520,35748,35880,35992,36144,36288,36388,36640,36840,36768,2385,2401,2463,2459,2530,2580,2619,2385,2401,2463,2459,2530,2580,2619,2639,2613,2618,2621,2660,2699,2709,7.3,11,45,19,36,0,86.52
Landen,24059,242000,175000,3.03,0,15.58,22.51,17.32,9.52,32.03,27432,27468,27728,27988,28096,28272,28456,28568,28732,28960,29056,29256,29464,29656,29820,29860,30076,30236,30508,30728,30696,2049,2062,2127,2168,2185,2225,2270,2049,2062,2127,2168,2185,2225,2270,2301,2334,2355,2352,2349,2372,2379,7.3,11.3,52,17,31,0,11.93
Leuven,24062,432500,288000,3.53,0,23.56,27.34,16.56,12.77,16.24,202968,199724,203968,206316,206560,206464,205136,203988,204268,205424,207048,208024,209012,210036,211472,212480,213444,214460,215420,216152,217192,24418,23693,24799,25213,25197,25025,24669,24418,23693,24799,25213,25197,25025,24669,24326,24266,24380,24700,24731,24871,24965,10.4,18.3,27,14,59,0.7,94.96
Lubbeek,24066,408000,270000,4.3,0,17.74,20.43,19.89,13.44,24.19,23172,23696,23952,24280,24700,24912,25208,25360,25632,25816,26020,26168,26344,26492,26680,26756,26836,26896,27120,27236,27188,1381,1447,1488,1556,1619,1631,1678,1381,1447,1488,1556,1619,1631,1678,1693,1755,1761,1797,1825,1828,1879,4.3,6.7,59,14,27,0,51.58
Oud-Heverlee,24086,440000,312000,4.62,0,24.28,16.18,17.34,11.56,26.01,17568,17828,18028,18148,18252,18404,18444,18408,18520,18464,18520,18416,18452,18436,18444,18560,18592,18564,18592,18684,18736,1042,1082,1093,1111,1143,1172,1182,1042,1082,1093,1111,1143,1172,1182,1187,1234,1234,1252,1244,1269,1265,3,4.9,35,15,50,0.01,77.06
Rotselaar,24094,395000,242000,4.6,0,17.99,22.59,13.81,9.21,31.8,27480,27820,28456,28876,29196,29472,29540,29632,29692,29916,30140,30308,30388,30640,30836,31040,31208,31252,31432,31644,31744,1768,1834,1946,2006,2050,2069,2087,1768,1834,1946,2006,2050,2069,2087,2097,2086,2095,2127,2152,2159,2209,2.5,4.4,31,14,55,0,87.48
Tervuren,24104,511500,350000,5.05,0,23.74,33.63,20,6.59,10.99,35632,35840,36020,36316,36244,36248,36076,35992,35888,35904,36048,36088,36168,36228,36292,36496,36496,36564,36728,36908,37004,2449,2479,2538,2532,2550,2549,2532,2449,2479,2538,2532,2550,2549,2532,2547,2511,2551,2549,2551,2559,2564,4.8,7.5,39,17,44,0,85.3
Tienen,24107,265000,173000,5.05,0,18.69,24.49,20,10.65,21.12,62552,62812,63684,64508,65104,65616,66152,66620,67064,67496,67928,68236,68728,69000,69440,69852,70284,70764,71260,71676,71956,5610,5631,5801,6014,6135,6229,6302,5610,5631,5801,6014,6135,6229,6302,6380,6453,6493,6548,6604,6627,6637,15.1,21.6,47,14,39,0,55.36
Tremelo,24109,375000,247000,6.38,0,18.3,20,17.45,11.06,26.81,24740,25040,25356,25864,26332,26616,26844,26892,27088,27264,27432,27548,27708,27868,28100,28180,28232,28344,28428,28528,28728,1627,1664,1688,1773,1847,1903,1954,1627,1664,1688,1773,1847,1903,1954,1973,2021,2053,2075,2112,2142,2168,1.8,3.5,33,17,50,0,92.04
Zoutleeuw,24130,235000,165000,2.56,0,12.82,15.38,17.95,16.24,35.04,14316,14484,14800,14796,14956,14976,15104,15232,15268,15328,15308,15404,15496,15576,15632,15716,15668,15724,15820,15940,15824,998,1039,1104,1090,1122,1126,1177,998,1039,1104,1090,1122,1126,1177,1209,1228,1236,1228,1261,1262,1286,7.6,12.8,39,13,48,0,16.01
Linter,24133,300000,185000,0.91,0,11.82,20.91,15.45,15.45,35.45,12092,12176,12304,12480,12588,12604,12632,12796,12888,12976,12956,13056,13120,13188,13184,13200,13244,13284,13380,13368,13224,787,811,837,878,901,920,915,787,811,837,878,901,920,915,953,956,978,984,1012,1008,1010,6.2,10.2,43,17,40,0,12.23
Scherpenheuvel-Zichem,24134,272000,185000,3.68,0,14.74,23.16,14.47,11.32,32.63,41184,41456,42148,42608,43028,43336,43384,43604,43800,43848,43904,44064,44152,44408,44636,44940,45112,45280,45536,45708,46000,3155,3220,3345,3389,3497,3578,3623,3155,3220,3345,3389,3497,3578,3623,3685,3734,3733,3710,3798,3818,3854,3.1,5.2,39,18,43,0,68
Tielt-Winge,24135,379000,225000,2.72,0,17.01,23.81,14.97,8.84,32.65,17980,18056,18460,19068,19156,19276,19332,19368,19336,19408,19424,19476,19484,19528,19600,19676,19752,19812,19872,19852,19740,1232,1218,1301,1339,1338,1365,1372,1232,1218,1301,1339,1338,1365,1372,1385,1378,1395,1415,1403,1408,1404,4,6.3,47,13,40,0,24.7
Glabbeek,24137,315000,270000,1.35,0,10.81,21.62,24.32,10.81,31.08,8548,8584,8620,8836,8884,8864,8924,8816,8864,8832,8804,8852,8780,8832,8868,8852,8844,8792,8788,8736,8672,525,521,526,545,564,570,582,525,521,526,545,564,570,582,579,606,594,601,605,604,623,2.5,4.9,49,12,39,0,4.32
Beernem,31003,350000,232000,5,0,27.69,21.54,13.46,8.08,24.23,26380,26548,26860,27268,27464,27548,27628,27820,27968,28052,28276,28284,28396,28596,28664,28772,28776,28940,28988,29088,29252,1843,1878,1927,1983,2039,2063,2109,1843,1878,1927,1983,2039,2063,2109,2160,2172,2170,2212,2227,2217,2250,2.2,4.3,25,16,59,3.27,66.99
Blankenberge,31004,290000,209000,2.08,0,19.17,28.75,20.83,11.67,17.5,42964,43300,43300,43724,44016,44464,44816,45152,45484,45652,46044,46332,46724,47040,47288,47584,47856,48216,48392,48428,48512,4793,4901,4915,5076,5170,5284,5424,4793,4901,4915,5076,5170,5284,5424,5533,5622,5657,5742,5807,5902,5982,18.5,26.6,31,16,53,0,42.98
Brugge,31005,335000,240000,2.82,0,21.63,29.3,18.24,10.73,17.27,219944,221100,222108,224460,224652,224772,224472,224452,224576,224808,225020,225324,225348,225740,226316,226976,227576,227916,228844,229396,229952,20705,21074,21423,21934,22145,22247,22286,20705,21074,21423,21934,22145,22247,22286,22359,22475,22598,22646,22709,22720,22741,9.5,16,27,16,57,0.03,25.24
Damme,31006,389500,297500,3.29,0.94,22.07,21.13,18.31,9.86,24.41,18600,18660,18928,19204,19436,19488,19668,19812,19932,20144,20248,20416,20588,20552,20772,20840,20952,21048,21152,21276,21284,1211,1241,1292,1350,1387,1425,1458,1211,1241,1292,1350,1387,1425,1458,1488,1513,1546,1559,1578,1601,1589,1.9,3.6,29,18,53,0,47.87
Jabbeke,31012,400000,283000,3.93,0,17.47,22.71,18.78,10.92,26.2,23208,23704,24124,24792,24960,25088,24988,25004,25072,25176,25264,25276,25192,25300,25284,25444,25324,25340,25508,25408,25424,1466,1536,1583,1653,1719,1761,1776,1466,1536,1583,1653,1719,1761,1776,1821,1854,1889,1914,1940,1959,1977,1.7,3.5,36,16,48,0,20.13
Oostkamp,31022,373500,270000,5.06,0,22.19,22.19,16.57,9.83,24.16,39924,40228,40540,40940,41048,41248,41100,41120,41340,41520,41744,41772,41836,42020,42232,42388,42268,42416,42632,42952,43164,2667,2732,2764,2849,2863,2880,2892,2667,2732,2764,2849,2863,2880,2892,2910,2924,2953,2965,2922,2898,2933,3.8,7.7,29,17,54,0.31,67.65
Torhout,31033,290000,230000,2.92,0.36,21.53,22.63,18.61,8.76,25.18,35688,35864,36352,36856,36848,36856,36688,36756,36972,37064,37064,37100,37172,37520,37528,37672,37748,37772,37912,38052,38132,2747,2803,2949,3019,3018,3049,3008,2747,2803,2949,3019,3018,3049,3008,3006,3051,3080,3089,3146,3185,3251,6,9.3,39,17,44,0.36,78.53
Zedelgem,31040,374500,259500,4.7,0.31,17.24,24.76,16.93,8.78,27.27,38184,38384,38944,39424,39928,40316,40600,40808,41060,41280,41544,41560,41648,41940,42252,42560,42640,42808,43044,43268,43668,2388,2420,2492,2577,2667,2747,2802,2388,2420,2492,2577,2667,2747,2802,2870,2892,2891,2918,2935,2941,2963,3.8,7.5,43,18,39,0.54,68.29
Zuienkerke,31042,319000,300000,0,0,15.56,17.78,20,15.56,31.11,4620,4708,4664,4708,4676,4692,4668,4644,4604,4612,4544,4552,4484,4468,4452,4488,4496,4424,4344,4316,4276,301,303,306,315,311,329,320,301,303,306,315,311,329,320,325,321,331,317,327,303,312,1.1,2.9,24,12,64,0,35.44
Knokke-Heist,31043,737500,500000,3.33,0.2,24.66,27.79,16.44,11.35,16.24,67776,68240,67712,67316,67424,67160,67020,66700,66468,66564,66492,66432,66360,66380,66440,66500,66504,66644,66504,66632,66700,6997,7078,7060,7015,7116,7149,7189,6997,7078,7060,7015,7116,7149,7189,7196,7162,7246,7277,7243,7246,7295,7.6,13.4,23,18,59,0.32,56.66
Diksmuide,32003,265000,202000,1.86,0,18.27,25.39,17.03,12.07,25.39,29360,29440,29756,30356,30616,30876,31024,31276,31484,31664,31972,32096,32308,32528,32832,32936,32984,33116,33420,33804,33984,2343,2375,2443,2575,2621,2660,2689,2343,2375,2443,2575,2621,2660,2689,2755,2808,2830,2857,2866,2917,2934,4.2,8.3,37,16,47,0,42.07
Houthulst,32006,247500,180000,5.46,0,18.03,16.94,14.75,9.29,35.52,16528,16792,17012,17260,17388,17500,17484,17504,17572,17520,17560,17516,17524,17596,17624,17692,17716,17736,17848,17936,17912,1161,1206,1252,1314,1339,1375,1384,1161,1206,1252,1314,1339,1375,1384,1392,1400,1370,1381,1399,1419,1406,3.7,7.7,32,23,45,0,60.35
Koekelare,32010,302000,206500,2.68,0,9.4,28.19,15.44,6.04,38.26,15196,15240,15356,15636,15652,15672,15632,15740,15732,15668,15688,15836,15996,16116,16076,15988,16176,16252,16296,16304,16332,1114,1139,1177,1223,1215,1218,1217,1114,1139,1177,1223,1215,1218,1217,1231,1224,1202,1214,1248,1275,1303,3.3,6.4,29,18,53,0,66.37
Kortemark,32011,299000,190000,5.58,0,16.74,22.33,11.16,11.63,32.56,21132,21332,21480,21584,21728,21796,21924,21972,22072,22120,22100,22296,22372,22476,22544,22564,22700,22780,22784,22884,22912,1435,1478,1499,1525,1522,1525,1544,1435,1478,1499,1525,1522,1525,1544,1553,1571,1588,1585,1613,1620,1647,4,7.2,32,20,48,0.86,72.43
Lo-Reninge,32030,210000,174500,4.05,0,13.51,35.14,21.62,12.16,13.51,5112,5120,5080,5144,5160,5184,5120,5060,5068,5116,5144,5164,5132,5124,5108,5096,5148,5128,5136,5116,5172,335,340,330,325,332,341,332,335,340,330,325,332,341,332,317,326,330,334,332,348,350,1.7,4.6,23,13,64,0,34.07
Ieper,33011,260000,185000,3.23,0.16,16.61,23.87,19.03,9.35,27.74,62300,62596,63112,63976,64084,64236,64416,64404,64328,64396,64636,64820,64952,65012,65212,65268,65352,65444,65480,65852,66124,5255,5361,5487,5671,5689,5756,5795,5255,5361,5487,5671,5689,5756,5795,5824,5826,5857,5892,5932,5931,5966,7.5,11.1,36,15,49,0,66.43
Poperinge,33021,250000,174263,2.88,0,20.68,23.82,20.68,7.07,24.87,33808,33888,34316,34512,34584,34612,34672,34568,34716,34828,34860,34880,34960,35220,35392,35544,35636,35760,35836,35992,36028,2678,2732,2833,2855,2869,2865,2871,2678,2732,2833,2855,2869,2865,2871,2856,2899,2927,2925,2935,2955,3002,5,9,21,18,61,0,57.92
Wervik,33029,215000,150000,4.17,0,23.23,30.74,18.22,7.51,16.13,32016,32132,32372,32792,32952,32940,33076,33100,33328,33468,33600,33804,33976,34132,34188,34240,34356,34652,34844,35144,35088,2400,2459,2485,2583,2605,2590,2620,2400,2459,2485,2583,2605,2590,2620,2607,2664,2673,2706,2705,2713,2722,4.8,8.9,29,16,55,26.68,89.02
Zonnebeke,33037,292500,205000,3.3,0,16.51,18.4,20.28,9.91,31.6,20464,20632,20912,21268,21580,21640,21768,21876,22004,22176,22248,22428,22580,22720,22860,22908,22976,23136,23316,23416,23308,1388,1431,1493,1549,1606,1640,1653,1388,1431,1493,1549,1606,1640,1653,1677,1685,1705,1705,1740,1763,1797,2,4.7,31,17,52,4.55,75.42
Heuvelland,33039,281000,175000,2.1,0,15.38,18.88,19.58,7.69,36.36,13464,13520,13624,13732,13776,13752,13840,13872,14016,14156,14128,14220,14192,14268,14368,14296,14332,14452,14488,14652,14632,1023,1037,1023,1058,1041,1020,1023,1023,1037,1023,1058,1041,1020,1023,1045,1066,1097,1089,1088,1077,1094,1.6,3.7,39,20,41,0,45.59
Langemark-Poelkapelle,33040,262250,200000,2.63,0,21.71,19.08,15.79,9.21,31.58,12912,13068,13288,13420,13312,13276,13264,13188,13116,13128,13092,13116,12956,12968,13104,13120,13140,13172,13224,13332,13396,866,882,913,911,899,904,916,866,882,913,911,899,904,916,910,918,933,914,909,869,843,3.9,7.3,27,15,58,0,70.29
Vleteren,33041,271000,229000,6,0,16,22,14,2,40,5796,5824,5892,5836,5868,5896,5900,5832,5836,5828,5840,5840,5756,5768,5692,5728,5780,5816,5784,5788,5872,392,404,432,416,440,442,435,392,404,432,416,440,442,435,444,447,435,442,433,419,422,2.7,5.6,21,14,65,0,42.6
Anzegem,34002,280000,200000,3.33,0,18.75,15.83,18.33,9.17,34.58,24592,24736,25232,25588,25776,25896,26040,26248,26428,26432,26584,26688,26748,26960,27056,27348,27468,27528,27592,27720,27760,1639,1635,1713,1776,1819,1826,1858,1639,1635,1713,1776,1819,1826,1858,1896,1917,1914,1919,1946,1955,1967,2.8,5.3,39,19,42,9.91,70.23
Avelgem,34003,253750,170000,4.52,0,20,18.06,10.97,9.68,36.77,17732,17860,17988,17984,18176,18108,18236,18320,18380,18480,18464,18660,18872,19032,19192,19260,19412,19524,19692,19844,19856,1422,1434,1477,1473,1502,1468,1481,1422,1434,1477,1473,1502,1468,1481,1473,1488,1485,1470,1495,1520,1526,6.8,10.8,26,17,57,0.83,74.15
Deerlijk,34009,300000,187500,5.34,0,18.93,20.87,19.42,10.19,25.24,20372,20600,21024,21356,21356,21432,21476,21508,21676,21672,21664,21780,21768,21832,21968,21844,21956,22004,22196,22384,22324,1424,1457,1519,1538,1557,1580,1578,1424,1457,1519,1538,1557,1580,1578,1575,1599,1604,1614,1647,1649,1634,2.8,6.4,34,17,49,29.97,92.75
Harelbeke,34013,260000,175000,3.89,0,22.09,22.9,20.25,10.43,20.45,49896,50348,51436,52112,52648,53044,53260,53484,53848,54352,54796,55000,55164,55596,55884,56436,56448,56696,57064,57432,57868,3867,3974,4151,4180,4266,4296,4328,3867,3974,4151,4180,4266,4296,4328,4347,4357,4452,4500,4533,4553,4564,6.5,11.4,23,11,66,69.74,96.6
Kortrijk,34022,280000,180000,2.88,0,20.13,26.28,17.88,11.54,21.28,135000,135772,136960,138880,139696,140480,141100,141452,142196,142728,143172,143648,144588,145600,146448,147504,148272,149124,149876,150692,151560,12239,12426,12662,12909,13044,13175,13294,12239,12426,12662,12909,13044,13175,13294,13380,13524,13655,13639,13654,13759,13863,5.6,10.9,25,13,62,41.77,90.82
Kuurne,34023,255000,195000,4.05,0,22.52,19.82,14.86,10.36,28.38,23188,23428,23784,23872,24048,24084,24184,24284,24476,24572,24556,24716,24908,25120,25296,25236,25308,25424,25624,25784,25768,1724,1749,1804,1832,1898,1910,1927,1724,1749,1804,1832,1898,1910,1927,1936,1940,1967,1981,1976,1990,2016,10,14.8,32,15,53,65.56,97.69
Lendelede,34025,277000,199000,1.56,0,17.19,24.22,16.41,10.94,29.69,9756,9784,9864,10040,10100,10132,10200,10228,10172,10212,10280,10336,10356,10444,10480,10488,10556,10580,10640,10656,10692,683,696,705,740,741,761,775,683,696,705,740,741,761,775,783,759,751,765,780,773,794,2.2,4.8,22,13,65,41.34,91.72
Menen,34027,180000,147000,2.61,0,18.95,23.27,20.13,12.29,22.75,58252,58556,59036,59416,60088,60432,60864,61252,61600,62032,62468,63012,63556,63824,64304,64700,65184,65684,66128,66360,66716,4976,5044,5141,5173,5269,5273,5332,4976,5044,5141,5173,5269,5273,5332,5371,5430,5513,5536,5597,5648,5685,6.7,11.5,43,15,42,40.42,93.38
Waregem,34040,315000,209000,3.62,0.16,20.44,27.36,15.57,8.81,24.06,66612,67300,68220,69516,69864,70036,70184,70472,70800,71044,71464,71828,72300,72652,73176,73476,73864,74116,74416,74804,75152,5100,5210,5368,5577,5628,5608,5613,5100,5210,5368,5577,5628,5608,5613,5637,5663,5701,5730,5771,5802,5885,6.1,10.7,37,17,46,51.55,94.81
Wevelgem,34041,252501,181000,3.33,0,17.34,26.44,17.16,11.21,24.52,53488,53732,54164,54804,54832,54632,54388,54296,54252,54204,54248,54164,54144,54348,54284,54608,54708,54816,54928,55000,55064,3785,3847,3959,4071,4118,4108,4101,3785,3847,3959,4071,4118,4108,4101,4089,4048,4032,4039,4034,4034,4052,6.4,11.2,29,19,52,30.26,94.63
Zwevegem,34042,272000,180000,2.16,0.22,26.19,25.32,14.5,10.39,21.21,41848,42148,42616,43328,43488,43724,43624,43812,43980,44112,44232,44376,44388,44544,44812,44908,44932,45164,45308,45488,45620,2876,2927,2987,3088,3150,3226,3252,2876,2927,2987,3088,3150,3226,3252,3325,3363,3363,3369,3396,3412,3403,6.2,9.9,31,20,49,22.08,79.81
Spiere-Helkijn,34043,285000,177500,2.94,0,11.76,26.47,5.88,8.82,44.12,3504,3556,3564,3552,3568,3524,3496,3452,3480,3496,3516,3492,3492,3472,3468,3508,3512,3484,3476,3488,3504,267,279,285,278,276,269,261,267,279,285,278,276,269,261,247,247,255,259,263,259,258,1.6,3.4,20,15,65,0,51.13
Bredene,35002,288250,207000,8.97,0,20,19.66,12.07,7.93,31.38,32880,33188,33516,33684,34044,34280,34616,34916,35036,35408,35652,35840,36156,36284,36416,36732,37068,37404,37496,37816,38000,2685,2770,2845,2923,3013,3027,3102,2685,2770,2845,2923,3013,3027,3102,3147,3187,3222,3260,3272,3315,3343,12.8,20,15,15,70,0,9.27
Gistel,35005,296500,217000,2.29,0,21.14,24,17.71,10.86,24,20816,20800,20852,21100,21316,21360,21460,21560,21680,21844,21924,22076,22240,22448,22704,22796,22896,22936,23140,23272,23156,1510,1529,1550,1542,1576,1593,1604,1510,1529,1550,1542,1576,1593,1604,1601,1607,1622,1631,1649,1654,1665,4.2,7.8,34,17,49,0,24.34
Ichtegem,35006,299500,220000,2.26,0,17.29,22.93,20.3,9.02,28.2,23780,23928,24084,24312,24356,24408,24544,24536,24536,24652,24632,24760,24784,24912,24980,24900,25052,25216,25396,25460,25332,1578,1610,1626,1613,1606,1620,1657,1578,1610,1626,1613,1606,1620,1657,1637,1631,1651,1667,1677,1670,1679,5.2,9,32,24,44,0,61.66
Middelkerke,35011,259000,180000,4.04,0,15.36,30.19,15.9,8.89,25.61,40560,41120,41400,41560,42056,42252,42264,42592,42872,43296,43628,43980,44236,44476,44856,45184,45412,45648,45812,46040,46344,4398,4518,4597,4622,4745,4788,4766,4398,4518,4597,4622,4745,4788,4766,4826,4881,4948,4990,5040,5055,5115,4.9,9.4,25,15,60,0,37.18
Oostende,35013,275000,195000,3.91,0.14,22.35,26.96,19.27,9.36,18.02,146588,147100,146896,147520,148472,149044,149440,149744,149860,150212,150876,151224,151500,152036,152836,153348,154008,154416,154976,155324,155860,17024,17291,17350,17385,17698,17952,18110,17024,17291,17350,17385,17698,17952,18110,18208,18295,18417,18578,18713,18716,18834,19.6,30.7,25,15,60,0,15.45
Oudenburg,35014,299000,232500,7.23,0,18.07,22.29,15.66,10.84,25.9,16496,16912,17116,17268,17412,17448,17512,17588,17748,17812,17780,17672,17744,17920,18012,18124,18068,18028,18116,18192,18256,1152,1202,1239,1230,1274,1280,1287,1152,1202,1239,1230,1274,1280,1287,1341,1367,1359,1360,1352,1381,1405,4.4,9.1,41,17,42,0,29.63
De Haan,35029,340000,240000,3.78,0,18.21,20.62,18.21,10.65,28.52,25828,26296,26288,26392,26588,26612,26648,26688,26724,26940,27068,27244,27372,27320,27472,27620,27732,27928,27864,27984,28200,2612,2704,2731,2733,2759,2785,2786,2612,2704,2731,2733,2759,2785,2786,2795,2799,2862,2890,2919,2941,2940,7.7,12.4,33,13,54,0,11.76
Hooglede,36006,325000,220000,1.76,0,21.18,24.12,20.59,10,22.35,16176,16272,16464,16716,16776,16796,16920,16940,16944,17024,16916,17016,17128,17160,17232,17192,17336,17380,17528,17664,17696,1011,1065,1099,1123,1126,1118,1140,1011,1065,1099,1123,1126,1118,1140,1153,1144,1165,1146,1160,1176,1165,3.2,6.1,41,22,37,3.12,74.89
Ingelmunster,36007,260000,190000,2.94,0,18.63,25.98,18.63,9.8,24.02,18924,19208,19396,19776,20052,20104,20268,20464,20616,20800,20748,20980,21200,21288,21532,21556,21760,21952,22096,22388,22496,1329,1375,1411,1483,1507,1503,1500,1329,1375,1411,1483,1507,1503,1500,1534,1544,1551,1549,1569,1575,1542,7.3,13.5,30,19,51,35.36,92.95
Izegem,36008,225000,170000,3.27,0,21.51,25.13,17.56,9.47,23.06,50212,50932,51404,51612,51888,51912,52120,52212,52368,52788,53040,53264,53556,53592,53840,54236,54516,54908,55280,55616,55980,4060,4191,4309,4351,4412,4403,4431,4060,4191,4309,4351,4412,4403,4431,4428,4421,4477,4500,4479,4514,4550,10.6,15.6,40,20,40,27.6,92.1
Ledegem,36010,285000,173500,2.29,0,17.71,27.43,17.71,7.43,27.43,16096,16200,16288,16412,16356,16368,16348,16308,16416,16448,16312,16356,16484,16536,16584,16468,16604,16632,16672,16844,16900,1079,1084,1110,1149,1148,1142,1138,1079,1084,1110,1149,1148,1142,1138,1143,1162,1160,1156,1159,1175,1172,6.1,11.5,31,15,54,32.55,91.3
Lichtervelde,36011,279500,220000,2.83,0,19.81,25.47,17.92,5.66,28.3,15000,15040,15152,15520,15624,15648,15720,15748,15796,15788,15860,16020,16124,16212,16348,16272,16268,16448,16512,16624,16596,1016,1015,1036,1091,1105,1107,1123,1016,1015,1036,1091,1105,1107,1123,1130,1116,1125,1151,1185,1167,1167,5.1,8.6,27,16,57,4.14,84.62
Moorslede,36012,257500,195000,4.15,0,13.36,21.66,18.43,10.14,32.26,19048,19172,19200,19244,19420,19444,19692,19772,19824,20044,19920,20016,20152,20192,20188,20188,20256,20452,20568,20640,20536,1299,1333,1380,1368,1374,1385,1422,1299,1333,1380,1368,1374,1385,1422,1436,1443,1477,1467,1476,1512,1522,5.6,11,27,18,55,21.76,85.07
Roeselare,36015,260500,185750,4.39,0,24.12,23.25,18.6,8.33,21.32,112056,112800,114292,115300,116680,118192,119140,120044,121032,121928,123012,124060,125040,125804,126504,127328,128376,129428,130264,130344,131328,9510,9604,9808,9880,10072,10269,10418,9510,9604,9808,9880,10072,10269,10418,10515,10592,10688,10830,10943,11059,11116,9.6,15.5,30,16,54,14.07,87.56
Staden,36019,268000,205000,2.58,0.43,15.88,21.46,16.74,15.88,27.04,18804,18856,18956,19272,19432,19428,19604,19644,19736,19804,19824,20020,20188,20344,20552,20480,20608,20780,20940,21084,21012,1307,1345,1362,1421,1422,1415,1434,1307,1345,1362,1421,1422,1415,1434,1416,1419,1432,1446,1454,1475,1493,5.9,9.3,36,16,48,0.77,77.37
Dentergem,37002,297500,215000,5.69,0,14.63,25.2,17.89,8.13,28.46,13916,13960,14092,14072,14272,14292,14452,14580,14688,14832,14856,14940,15044,15212,15340,15236,15428,15448,15608,15692,15636,914,915,907,914,928,946,961,914,915,907,914,928,946,961,984,997,1012,1014,1016,1017,1022,1.6,3.8,48,21,31,9.11,79.14
Meulebeke,37007,267500,183000,2.31,0,13.43,25.46,16.2,14.81,27.78,18656,18780,19072,19356,19348,19248,19124,19096,19160,19220,19264,19172,19084,19048,19096,19084,19068,19088,19108,19164,19248,1352,1370,1427,1469,1456,1430,1418,1352,1370,1427,1469,1456,1430,1418,1413,1404,1410,1421,1402,1397,1395,4,6.8,28,22,50,20.79,83.73
Oostrozebeke,37010,279000,210000,2.44,0,12.2,34.15,17.89,8.13,25.2,13396,13508,13556,13692,13852,13828,13868,14040,14168,14240,14300,14376,14488,14528,14668,14760,14904,15056,15156,15232,15020,933,973,967,995,1020,1015,1030,933,973,967,995,1020,1015,1030,1070,1097,1112,1131,1139,1166,1163,1.6,5.3,42,19,39,27.34,89.84
Pittem,37011,309500,225000,5.65,0,10.48,26.61,18.55,12.9,25.81,11144,11296,11416,11452,11404,11368,11348,11224,11236,11268,11280,11256,11152,11176,11256,11244,11276,11324,11352,11340,11432,729,762,796,782,754,754,747,729,762,796,782,754,754,747,741,728,748,740,734,730,729,3,6.8,33,18,49,6.3,77.06
Ruiselede,37012,371250,232500,2.6,0,23.38,19.48,12.99,9.09,32.47,8868,8896,9012,9084,9036,9060,9028,8932,9028,9008,8988,8972,8864,8908,8980,9024,9164,8996,9096,9088,9068,591,586,591,596,599,604,607,591,586,591,596,599,604,607,602,629,634,622,624,614,616,5.7,9.5,37,22,41,1.14,70.3
Tielt,37015,287000,195000,2.6,0,20.26,29.35,11.95,11.95,23.9,35556,35536,35772,36024,36404,36600,36688,36688,36900,37136,37472,37608,37588,37728,38024,38304,38352,38584,38736,38992,39244,2800,2860,2905,2946,2999,3033,3061,2800,2860,2905,2946,2999,3033,3061,3055,3076,3108,3163,3204,3233,3240,2.1,4.8,52,15,33,4.55,81.87
Wielsbeke,37017,290000,187500,4.07,0,18.6,30.23,14.53,9.88,22.67,15932,16036,16176,16364,16580,16620,16808,16996,17136,17196,17176,17336,17356,17528,17688,17708,17752,17880,17992,18048,18016,1014,1025,1062,1115,1131,1138,1155,1014,1025,1062,1115,1131,1138,1155,1194,1237,1231,1239,1248,1232,1265,4.6,7.1,40,18,42,35.84,93.83
Wingene,37018,352000,252000,2.31,0,23.61,22.22,20.37,8.33,23.15,23624,24196,24588,24968,25164,25368,25364,25424,25596,25812,25964,25932,25944,26100,26264,26444,26504,26544,26684,26732,26840,1537,1585,1635,1678,1710,1741,1758,1537,1585,1635,1678,1710,1741,1758,1780,1800,1838,1852,1851,1858,1890,4.3,7.3,42,18,40,3.15,75.13
Ardooie,37020,270000,200000,3.06,0,22.71,18.78,20.96,13.54,20.96,15540,15688,15952,16168,16164,16116,16068,16112,16152,16088,16036,16072,16140,16112,16284,16124,16268,16288,16368,16448,16432,1127,1153,1210,1237,1255,1244,1231,1127,1153,1210,1237,1255,1244,1231,1253,1269,1269,1259,1250,1263,1230,6.2,10,46,17,37,1.57,79.16
Alveringem,38002,270000,177000,6.19,0,19.47,18.58,15.04,8.85,31.86,8084,8164,8220,8228,8212,8220,8252,8088,8184,8200,8192,8172,8028,8168,8248,8344,8328,8104,8128,8188,8268,588,602,614,618,614,625,633,588,602,614,618,614,625,633,595,611,629,630,617,605,634,3.7,6.9,44,17,39,0,27.24
De Panne,38008,288500,190000,1.65,0,11.57,26.86,23.97,9.92,26.03,22888,23112,22972,22964,23120,23232,23252,23408,23544,23628,23648,23840,23972,24136,24340,24388,24392,24336,24424,24684,24796,2510,2542,2520,2547,2594,2608,2600,2510,2542,2520,2547,2594,2608,2600,2600,2626,2654,2631,2685,2692,2718,4.5,8.3,24,21,55,0,10.54
Koksijde,38014,440000,309000,1.4,0,16.77,26.95,22.55,9.38,22.95,45904,46224,46328,46120,46132,46188,46272,46256,46284,46224,46332,46636,46860,46708,46804,46832,47036,47420,47356,47288,47596,4685,4772,4797,4825,4827,4873,4894,4685,4772,4797,4825,4827,4873,4894,4924,4925,4949,4937,4982,5023,5029,3.2,7.2,9,10,81,0,8.42
Nieuwpoort,38016,345000,220000,1.57,0,14.73,42.63,22.26,6.58,12.23,24632,24936,24688,24652,24424,24508,24560,24732,24936,25220,25436,25720,25876,25716,26032,26316,26616,26736,26684,26964,27076,2711,2773,2773,2769,2698,2704,2694,2711,2773,2773,2769,2698,2704,2694,2738,2758,2782,2831,2881,2923,2894,4.2,8.3,20,16,64,0,20.93
Veurne,38025,300000,192500,1.58,0,21.32,34.47,16.05,11.32,15.26,21748,22036,22360,22664,22808,22936,23036,23000,23172,23344,23524,23460,23552,23664,23820,23936,24112,24236,24396,24524,24736,1876,1917,1970,2025,2042,2065,2077,1876,1917,1970,2025,2042,2065,2077,2081,2125,2169,2210,2195,2223,2241,7.6,13.7,43,20,37,0,16.95
Aalst,41002,275000,190000,4.16,0.07,19.04,24.65,20.06,9.41,22.61,154676,156172,157744,159284,161544,163524,164924,166224,167512,168752,170436,171864,173052,174480,175724,176876,178436,179668,180952,182124,183660,13596,13872,14069,14219,14531,14743,14913,13596,13872,14069,14219,14531,14743,14913,15087,15207,15272,15415,15597,15669,15771,7.3,12.8,38,17,45,35.79,95.43
Denderleeuw,41011,300000,215000,5.1,0,14.97,22.79,19.39,9.52,28.23,33784,34084,34108,34380,34656,35008,35144,35384,35660,35988,36164,36408,36604,36844,37196,37572,37936,38012,38280,38512,38784,2469,2524,2561,2586,2611,2622,2583,2469,2524,2561,2586,2611,2622,2583,2602,2623,2673,2636,2649,2689,2714,4.8,8.5,41,25,34,2.1,95.57
Geraardsbergen,41018,245000,168000,2.71,0,18.97,24.68,14.55,13.12,25.96,58480,59072,59892,60576,60948,61132,61340,61432,61600,61936,62292,62752,63072,63248,63536,63796,64104,64240,64488,64920,65148,4724,4774,4883,5007,5126,5147,5172,4724,4774,4883,5007,5126,5147,5172,5145,5208,5243,5295,5387,5428,5505,5.4,9.5,52,20,28,0.01,46.9
Haaltert,41024,296000,215000,3.79,0,12.76,20.69,18.97,11.38,32.41,32324,32868,33036,33516,33904,34308,34652,34880,35028,35184,35352,35568,35788,35960,36216,36584,36784,37092,37144,37284,37468,2417,2484,2519,2561,2664,2727,2816,2417,2484,2519,2561,2664,2727,2816,2821,2870,2896,2923,2967,2995,3033,3.8,6.4,55,17,28,0,74.56
Herzele,41027,326000,194500,2.59,0,15.95,20.26,21.98,10.34,28.88,31056,31624,31844,32176,32656,32968,33256,33540,33836,34056,34332,34588,34832,35156,35368,35524,35696,36020,36352,36656,36972,2268,2360,2406,2432,2482,2543,2572,2268,2360,2406,2432,2482,2543,2572,2609,2673,2662,2669,2727,2764,2807,3.5,6,53,17,30,0,56.51
Lede,41034,270000,200000,3.83,0,19.16,21.6,13.59,9.76,32.06,32616,33064,33272,33492,33848,34120,34336,34500,34660,34932,35092,35340,35568,35620,35844,36032,36328,36492,36516,36696,36992,2455,2541,2579,2608,2652,2714,2722,2455,2541,2579,2608,2652,2714,2722,2752,2822,2868,2877,2893,2912,2904,3.2,6.1,44,22,34,19.2,87.44
Ninove,41048,273500,190000,2.11,0.32,17.53,26.14,18.02,7.47,28.41,66360,66808,67500,68332,69012,69500,69744,70188,70780,71440,71828,72216,72732,73248,73724,74048,74480,75080,75324,75824,76336,5052,5170,5347,5505,5583,5606,5591,5052,5170,5347,5505,5583,5606,5591,5667,5729,5847,5882,5922,5951,6052,5,9.3,52,16,32,0.05,59.85
Sint-Lievens-Houtem,41063,345000,220000,4.73,0,19.53,17.75,15.98,9.47,32.54,17476,17768,17924,18048,18352,18524,18704,18840,19084,19216,19308,19456,19668,19884,20108,20148,20372,20436,20584,20712,20660,1241,1293,1319,1310,1382,1417,1440,1241,1293,1319,1310,1382,1417,1440,1442,1471,1503,1535,1543,1561,1571,3,4.9,61,16,23,0,72.81
Zottegem,41081,275000,205000,2.52,0,20.87,22.71,19.04,11.24,23.62,47912,48528,49500,50428,50632,50820,50904,51044,51168,51580,51880,52084,52416,52624,52868,53092,53564,53796,53980,54300,54696,4064,4139,4326,4480,4512,4539,4512,4064,4139,4326,4480,4512,4539,4512,4491,4512,4602,4658,4671,4701,4758,3,5.7,58,13,29,0,54.25
Erpe-Mere,41082,291000,215000,2.11,0,14.79,23.59,19.72,9.51,30.28,34876,35148,35444,35760,35732,35752,35732,35704,35772,35856,35996,35948,35988,36092,36236,36448,36552,36544,36744,36996,37172,2682,2696,2712,2707,2705,2708,2741,2682,2696,2712,2707,2705,2708,2741,2741,2708,2702,2723,2721,2730,2751,4.7,7.7,41,18,41,0.09,80.9
Berlare,42003,328750,197500,3.43,0,14.59,15.88,19.74,9.01,37.34,26064,26472,26624,26972,27248,27616,27776,27884,28172,28436,28604,28724,28812,28960,29116,29340,29404,29348,29548,29836,30048,1898,1972,2011,2058,2103,2142,2198,1898,1972,2011,2058,2103,2142,2198,2245,2281,2321,2376,2373,2400,2411,2.4,4.1,44,20,36,45.67,96.1
Buggenhout,42004,349500,225000,2.67,0,18.67,23.56,19.11,9.33,26.67,24880,24916,25024,25324,25568,25652,25704,25744,25792,25808,25940,25892,25916,26056,26172,26248,26256,26340,26292,26252,26472,1765,1760,1784,1838,1893,1906,1944,1765,1760,1784,1838,1893,1906,1944,1968,1982,1996,2020,1998,2003,2017,6.4,11.7,43,14,43,19.52,92.09
Dendermonde,42006,290000,190000,4.26,0,19.91,24.47,18.24,10.49,22.64,81372,81772,82704,83816,84364,84948,85464,86016,86508,86712,87056,87552,88032,88488,88668,89128,89464,89884,90240,90464,90868,6842,6927,7111,7275,7385,7522,7636,6842,6927,7111,7275,7385,7522,7636,7712,7826,7877,7934,7984,8048,8094,9.2,15.6,42,16,42,54.85,96.02
Hamme,42008,270000,175000,3.82,0,18.85,23.87,15.51,10.74,27.21,42320,42708,43136,43672,44084,44304,44552,44672,44996,45176,45440,45480,45616,45856,46148,46376,46416,46484,46708,46948,47268,3208,3277,3360,3436,3540,3579,3617,3208,3277,3360,3436,3540,3579,3617,3642,3671,3696,3728,3721,3712,3750,5.2,9.6,40,17,43,62.25,98.02
Laarne,42010,381000,250000,4.46,0.5,28.22,20.3,10.89,8.91,26.73,21224,21424,21608,21616,21748,21860,21956,22016,21988,21928,22016,22032,22112,22024,21936,21936,21868,21772,21716,21780,21876,1505,1539,1576,1594,1650,1675,1718,1505,1539,1576,1594,1650,1675,1718,1732,1758,1763,1810,1816,1853,1860,0.9,3,34,14,52,35.41,94.03
Lebbeke,42011,275000,190000,3.69,0,17.11,25.5,19.46,10.4,23.83,33120,33404,33716,34204,34540,34868,35136,35396,35672,36008,36352,36476,36872,37076,37376,37688,37824,38060,38128,38436,38672,2523,2567,2619,2690,2769,2812,2849,2523,2567,2619,2690,2769,2812,2849,2881,2900,2982,3028,3059,3137,3147,7.2,13.4,52,21,27,25.41,91.73
Waasmunster,42023,357500,251500,7.76,0,18.53,25.86,18.53,6.03,23.28,18100,18072,18344,18672,18784,18840,18904,18908,19020,18992,18904,19000,19068,19148,19300,19160,19172,19240,19400,19524,19396,1172,1180,1213,1263,1276,1275,1292,1172,1180,1213,1263,1276,1275,1292,1281,1288,1297,1303,1299,1290,1298,0.8,2.2,42,17,41,31.61,85.09
Wetteren,42025,295000,195000,3.18,0.21,19.49,22.88,18.01,10.59,25.64,46220,46656,47192,47604,48344,48776,49092,49420,49528,49888,50268,50552,50924,51224,51612,52124,52556,53024,53276,53628,53888,3892,3992,4087,4164,4268,4317,4358,3892,3992,4087,4164,4268,4317,4358,4406,4400,4460,4483,4519,4534,4589,4.4,8.6,46,14,40,53.77,94.26
Wichelen,42026,317500,226500,4.13,0,19.27,20.64,15.6,8.72,31.65,20284,20436,20588,20860,21036,21204,21068,21148,21252,21348,21480,21428,21404,21552,21644,21800,21752,21800,22016,22052,22192,1528,1550,1574,1602,1641,1667,1648,1528,1550,1574,1602,1641,1667,1648,1681,1689,1694,1720,1717,1744,1761,3.8,6.4,53,19,28,32.37,90.59
Zele,42028,280000,194000,2.49,0,17.45,18.07,15.89,14.95,31.15,34756,34912,34932,35196,35576,35724,35760,35928,36028,36184,36356,36316,36396,36800,37136,37444,37448,37620,37904,38136,38164,2482,2537,2571,2617,2671,2671,2650,2482,2537,2571,2617,2671,2671,2650,2680,2662,2676,2682,2664,2662,2704,5.1,9.9,39,16,45,55.52,95.75
Assenede,43002,278750,203000,1.86,0,20.82,19.33,13.01,9.67,35.32,24924,25104,25284,25628,25976,26040,26248,26376,26492,26628,26556,26812,27040,27248,27508,27580,27736,27784,28044,28212,28220,1887,1895,1911,1970,2040,2063,2072,1887,1895,1911,1970,2040,2063,2072,2048,2060,2065,2062,2097,2161,2190,1.3,2.7,48,17,35,6.04,84.86
Eeklo,43005,269000,185000,3.06,0,23.19,28.01,17.94,9.41,18.38,39036,39548,40092,40764,41256,41592,42016,42444,42556,42932,43320,43728,44016,44312,44868,45276,45680,45976,45844,46328,46724,3677,3720,3778,3840,3911,3945,4007,3677,3720,3778,3840,3911,3945,4007,4112,4082,4134,4172,4243,4282,4327,4.4,9.3,33,20,47,13.55,85.98
Kaprijke,43007,335250,205000,1.79,0,15.18,22.32,19.64,13.39,27.68,10656,10844,11048,11120,11172,11208,11240,11268,11252,11260,11192,11284,11312,11296,11368,11232,11268,11280,11364,11424,11308,711,732,779,781,815,827,838,711,732,779,781,815,827,838,855,854,859,872,902,898,899,1.2,1.8,30,14,56,2.96,77.1
Maldegem,43010,317500,212303,3.68,0.25,16.18,21.81,17.65,7.84,32.6,41464,41960,42692,43292,43560,43668,43960,44076,44244,44332,44228,44592,44912,45216,45468,45360,45644,45716,45996,46260,46116,3059,3117,3212,3332,3384,3397,3464,3059,3117,3212,3332,3384,3397,3464,3518,3557,3558,3523,3566,3608,3663,1.7,4.1,35,15,50,0.76,73.7
Sint-Laureins,43014,295000,202500,3.48,0,16.52,23.48,17.39,11.3,27.83,11816,11992,12140,12280,12212,12084,12144,12192,12248,12392,12276,12284,12444,12516,12636,12536,12628,12800,12896,12916,12864,841,859,879,906,869,850,854,841,859,879,906,869,850,854,859,859,879,868,853,882,891,0.5,1.4,52,16,32,1.5,82.07
Zelzate,43018,260000,175000,2.93,0,12.82,20.51,27.11,9.52,27.11,22012,22364,22592,22812,23080,23104,23108,23120,23316,23556,23684,23740,23924,24112,24112,24428,24492,24652,24792,24908,25140,1857,1895,1895,1925,1966,1936,1920,1857,1895,1895,1925,1966,1936,1920,1910,1908,1922,1929,1941,1970,2001,5.9,12.9,45,25,30,52.33,97.2
De Pinte,44012,473500,316000,1.49,0.5,19.9,20.9,19.9,10.45,26.87,18016,18244,18356,18460,18616,18712,18740,18780,18840,18828,18936,18852,18828,19036,19184,19360,19268,19264,19320,19460,19504,1139,1168,1181,1211,1232,1247,1272,1139,1168,1181,1211,1232,1247,1272,1295,1290,1264,1269,1250,1275,1280,1.1,2.9,20,11,69,28.02,85.04
Destelbergen,44013,434000,265000,5.9,0,24.4,20.38,16.89,9.92,22.52,31608,31792,32040,32468,32660,32736,32996,33224,33176,33392,33664,33836,34064,33976,34160,34444,34704,35048,34888,35076,35280,2303,2274,2312,2352,2380,2375,2406,2303,2274,2312,2352,2380,2375,2406,2397,2397,2414,2410,2417,2420,2414,1.4,3.6,39,16,45,54.64,92.66
Evergem,44019,346500,235000,5.54,0.14,23.3,20.31,16.62,11.93,22.16,59172,59800,60468,61268,62004,62492,62784,63204,63344,63676,64052,64356,64808,64964,65404,65796,66144,66636,66700,67096,67328,3972,4090,4207,4278,4435,4561,4616,3972,4090,4207,4278,4435,4561,4616,4661,4702,4726,4753,4771,4798,4847,1.7,3.4,38,19,43,49.64,95.36
Gavere,44020,360000,245000,3.72,0,21.07,18.18,16.94,11.16,28.93,21812,22112,22524,22676,22656,22660,22564,22576,22612,22616,22576,22544,22432,22584,22676,22792,22648,22632,22696,22668,22712,1491,1524,1589,1628,1635,1644,1656,1491,1524,1589,1628,1635,1644,1656,1696,1710,1687,1655,1668,1664,1678,2,4.7,46,15,39,0.35,74.64
Gent,44021,366100,225000,4.07,0.02,24.99,29,16.59,9.54,15.78,481884,482708,483580,489576,486188,490880,493148,495416,497948,497240,502124,506320,510576,514660,517040,521440,525048,529100,532880,533796,537856,49434,49601,49556,50313,48821,49226,49225,49434,49601,49556,50313,48821,49226,49225,49144,49177,48372,48844,49093,49456,49765,9.3,17.2,31,14,55,66.17,95.54
Lochristi,44034,427625,270000,4.73,0.23,32.66,20.95,13.74,5.86,21.85,36212,36452,37100,37364,37880,38372,38644,38940,38944,39176,39400,39724,39916,39812,39952,40292,40524,40672,40512,40592,40804,2193,2217,2314,2354,2478,2598,2616,2193,2217,2314,2354,2478,2598,2616,2707,2731,2780,2785,2795,2799,2826,1.1,2.7,27,12,61,58.76,97.27
Melle,44040,399500,255000,3.4,0,23.79,22.82,17.96,5.34,26.7,19760,19812,19928,20112,20300,20404,20432,20380,20560,20632,20732,20680,20608,20840,21012,21192,21072,21116,21336,21592,21796,1449,1467,1474,1525,1563,1583,1599,1449,1467,1474,1525,1563,1583,1599,1586,1598,1585,1585,1596,1592,1628,5.6,9.9,24,20,56,56.91,94.27
Merelbeke,44043,390000,265000,4.95,0,25.74,24.5,14.36,10.15,20.3,41364,41584,42172,42912,43368,43656,43808,43936,43916,44232,44392,44660,44840,44860,45160,45360,45608,45976,45920,46148,46528,2936,2985,3120,3220,3329,3399,3419,2936,2985,3120,3220,3329,3399,3419,3439,3464,3553,3562,3596,3589,3613,2.5,4.8,32,14,54,43.71,91.05
Moerbeke,44045,325000,225000,5.62,0,17.98,24.72,8.99,11.24,31.46,11056,11264,11408,11552,11560,11552,11540,11516,11488,11564,11488,11520,11580,11628,11668,11612,11644,11636,11608,11744,11620,765,801,820,835,834,865,862,765,801,820,835,834,865,862,859,853,884,889,907,922,945,1.1,4.1,26,13,61,46.16,95.76
Nazareth,44048,420000,265000,4.19,0,21.4,16.74,19.53,11.16,26.98,19604,19968,20344,20768,20940,21064,21024,21048,21204,21228,21360,21276,21248,21360,21472,21532,21392,21360,21400,21588,21568,1362,1422,1456,1535,1569,1586,1605,1362,1422,1456,1535,1569,1586,1605,1630,1666,1658,1700,1700,1707,1694,0.9,2.6,30,11,59,2.81,77.22
Oosterzele,44052,360000,246750,6.7,0,17.53,20.62,14.43,11.34,29.38,22312,22588,22992,23316,23400,23440,23452,23416,23432,23520,23480,23468,23488,23616,23680,23664,23708,23704,23800,23988,23904,1417,1478,1569,1602,1624,1649,1626,1417,1478,1569,1602,1624,1649,1626,1632,1638,1665,1685,1691,1672,1691,2.9,4.8,59,14,27,0,65.66
Sint-Martens-Latem,44064,705000,436000,4,0,19.5,20.5,18.5,9,28.5,14036,13996,13992,13984,13996,14064,14164,14220,14244,14200,14128,14132,14160,14256,14240,14064,14128,14152,14136,14208,14108,979,982,996,1003,1022,1068,1089,979,982,996,1003,1022,1068,1089,1115,1131,1125,1144,1162,1170,1180,1.1,2.7,41,13,46,10.64,58.19
Wachtebeke,44073,325000,203500,2.38,0,10.12,12.5,31.55,22.62,20.83,12928,12980,13148,13216,13424,13532,13592,13596,13656,13732,13820,13768,13728,13872,14000,14088,14172,14136,14404,14548,14624,885,918,951,967,984,991,1010,885,918,951,967,984,991,1010,1016,1004,1013,1037,1030,1031,1047,1.1,2.3,33,17,50,35.39,94.77
Zulte,44081,327000,235000,3.37,0,17.6,20.97,25.09,9.36,23.6,26624,26920,27236,27344,27336,27192,27208,27252,27256,27308,27172,27244,27384,27612,27824,27868,27912,28088,28200,28272,28228,1898,1966,1996,2020,2039,2012,2028,1898,1966,1996,2020,2039,2012,2028,2038,2037,2049,2027,2024,2033,2088,2.1,3.9,29,17,54,14.87,89.27
Deinze,44083,339000,255000,3.85,0.4,24.3,19.92,16.2,10.36,24.97,74764,76024,76940,78216,78232,78648,78904,79320,79680,79520,79900,80232,80648,81264,81228,81616,82140,82636,83052,82784,83172,5724,5935,6097,6247,6284,6334,6350,5724,5935,6097,6247,6284,6334,6350,6390,6420,6486,6525,6529,6524,6598,3.6,6.2,24,13,63,27.38,88.8
Aalter,44084,370028,259000,4.95,0,18.4,18.63,18.4,10.14,29.48,49824,50272,50740,51544,51720,51800,51488,51444,51508,51720,51852,51416,51376,51624,51940,52132,52124,52212,52420,52576,52680,3553,3635,3777,3941,3981,4000,3921,3553,3635,3777,3941,3981,4000,3921,3908,3922,3973,3982,3900,3934,3959,1.4,3.2,37,16,47,9.5,79.81
Lievegem,44085,345000,250000,2.76,0,15.94,24.61,20.87,7.87,27.95,44980,45296,45900,46460,46764,46964,47108,47372,47332,47500,47552,47628,47804,47720,47784,48044,48324,48680,48432,48608,48624,3198,3230,3338,3456,3501,3556,3603,3198,3230,3338,3456,3501,3556,3603,3619,3685,3731,3724,3711,3718,3798,1.7,3.3,33,14,53,34.51,92.11
Oudenaarde,45035,291000,195000,4,0,22,21.27,15.45,11.64,25.64,56172,56416,57000,58300,58816,59232,59600,60060,60080,60572,60888,61264,61672,61660,62188,62780,63268,63776,63676,64148,64560,4770,4823,4942,5117,5220,5296,5345,4770,4823,4942,5117,5220,5296,5345,5423,5468,5546,5569,5613,5692,5660,9.6,15.7,43,25,32,0.98,70.43
Ronse,45041,207750,135000,1.23,0,18.85,22.75,19.47,12.91,24.8,43472,43832,44324,44924,45460,45740,45988,46144,46532,46768,46764,47148,47548,47960,48288,48320,48788,49108,49316,49584,49688,3692,3757,3840,3930,4037,4082,4117,3692,3757,3840,3930,4037,4082,4117,4114,4135,4168,4147,4202,4229,4264,7,10.4,50,14,36,0,68.59
Brakel,45059,256750,190000,2.22,0.44,12.89,19.11,19.11,12.89,33.33,25192,25304,25536,25680,25968,26048,26220,26440,26568,26800,26724,26904,27132,27172,27360,27408,27628,27860,28036,28268,28212,1841,1868,1908,1925,1962,1969,1984,1841,1868,1908,1925,1962,1969,1984,2018,2021,2038,2040,2053,2093,2074,5.9,8.5,53,12,35,0,26.34
Kluisbergen,45060,285000,168000,3.08,0,20.77,23.08,14.62,6.15,32.31,11256,11428,11548,11676,11808,11756,11864,11944,12008,11992,11900,11972,12012,11968,12020,12056,12148,12196,12180,12252,12252,878,878,877,894,929,931,978,878,878,877,894,929,931,978,987,980,996,1004,1022,1022,1013,6.4,10.2,24,18,58,0,54.71
Wortegem-Petegem,45061,342000,234000,2.27,0,15.91,21.59,20.45,6.82,32.95,10292,10424,10512,10588,10580,10468,10444,10344,10324,10300,10212,10180,10108,10144,10116,10012,9992,9884,9888,9880,9932,614,637,653,663,680,650,657,614,637,653,663,680,650,657,663,660,654,655,653,665,675,2.1,5.1,39,23,38,0,40.76
Lierde,45063,275000,189000,4.6,0,16.09,17.24,21.84,10.34,29.89,10996,11128,11204,11416,11488,11524,11472,11384,11364,11368,11400,11488,11464,11612,11688,11688,11724,11692,11680,11680,11668,698,746,756,789,808,811,798,698,746,756,789,808,811,798,811,803,783,788,783,775,790,1.8,2.9,36,18,46,0,10.31
Maarkedal,45064,256500,255000,1.18,0,14.12,14.12,25.88,9.41,35.29,9896,9932,10040,10064,10272,10224,10304,10448,10440,10372,10292,10372,10424,10528,10600,10528,10556,10612,10692,10792,10672,582,581,610,630,677,673,706,582,581,610,630,677,673,706,723,723,710,712,723,730,738,2.5,4.2,38,12,50,0,14.15
Zwalm,45065,318000,230000,5.08,0.85,17.8,16.1,18.64,14.41,27.12,13396,13568,13556,13828,14040,14036,14188,14252,14300,14284,14280,14276,14396,14424,14428,14404,14416,14452,14492,14532,14460,860,881,883,923,965,997,1023,860,881,883,923,965,997,1023,1068,1071,1060,1085,1091,1125,1139,4.6,8.4,42,13,45,0,25.19
Kruisem,45068,325000,250000,3.83,0,14.94,22.22,15.71,10.34,32.95,26028,26292,26500,26760,26940,27184,27196,27308,27560,27696,27824,27752,27788,27956,28168,28380,28440,28400,28580,28768,28804,1732,1794,1794,1859,1908,1918,1944,1732,1794,1794,1859,1908,1918,1944,1989,2024,2051,2054,2075,2122,2141,2.5,4.9,43,17,40,0.06,59.54
Beveren,46003,320000,231500,5.28,0,27.86,26.39,12.32,7.33,20.82,83084,83792,84692,86120,87092,87964,88572,89188,89476,90204,90772,91444,92072,92212,92828,93284,93816,94568,94540,95036,95592,5979,6160,6311,6484,6598,6677,6771,5979,6160,6311,6484,6598,6677,6771,6825,6934,7033,7050,7166,7195,7315,4.3,9,32,16,52,81.41,98.64
Kruibeke,46013,303500,200000,4.4,0,33.33,22.33,14.78,6.92,18.24,27748,27988,28340,28420,28692,28684,28836,28940,29100,29116,29016,29168,29324,29500,29728,29700,29888,30044,30232,30424,30288,1924,1953,2029,2082,2123,2156,2170,1924,1953,2029,2082,2123,2156,2170,2166,2192,2203,2181,2187,2218,2237,4.5,7.3,45,16,39,70.92,97.71
Lokeren,46014,315000,210000,4.12,0,22.26,25,17.23,9.3,22.1,69024,69780,71048,71632,72324,72908,73280,73716,73592,74148,74664,75396,75888,75692,76380,77276,77860,78244,78128,78692,79204,5141,5266,5484,5572,5676,5732,5749,5141,5266,5484,5572,5676,5732,5749,5787,5755,5827,5880,6020,6056,5996,4.3,8.8,36,17,47,58.48,97.48
Sint-Gillis-Waas,46020,350000,200000,6.71,0,22.48,21.14,13.76,8.39,27.52,31788,32224,32464,32996,33488,33936,34176,34544,34400,34544,34724,34896,35064,34940,35212,35460,35632,35804,35564,35740,35932,2068,2150,2193,2258,2352,2477,2530,2068,2150,2193,2258,2352,2477,2530,2590,2618,2638,2662,2652,2633,2647,4.3,7.2,30,18,52,56.16,97.61
Sint-Niklaas,46021,291498,200000,3.43,0.26,21.29,23.78,17.08,10.82,23.35,132696,134724,135852,137524,138596,140380,141580,142792,143960,144852,146020,147540,148968,150352,149956,151452,152916,154280,155664,155564,157152,11190,11520,11617,11907,12046,12254,12300,11190,11520,11617,11907,12046,12254,12300,12250,12370,12488,12552,12708,12770,12865,9.2,15.2,30,14,56,65.04,97.61
Stekene,46024,300000,216500,5.64,0,13.17,21.63,17.55,10.97,31.03,31696,32324,32868,33452,33672,33872,33852,33924,34232,34420,34640,34484,34540,34772,35000,35208,35112,35144,35200,35372,35548,2220,2309,2432,2511,2550,2587,2611,2220,2309,2432,2511,2550,2587,2611,2648,2689,2704,2759,2750,2793,2821,0.7,2.4,31,18,51,42.75,94.63
Temse,46025,275000,205000,5.81,0.19,19.96,25.78,17.44,8.91,21.9,50580,51100,51920,53064,53580,54152,54608,55000,55028,55556,55936,56280,56716,56352,56780,57164,57500,57892,57516,57904,58224,3767,3866,3988,4163,4266,4351,4394,3767,3866,3988,4163,4266,4351,4394,4422,4478,4525,4568,4539,4577,4540,5,8.6,47,11,42,60.91,97.32
As,71002,285500,177500,2.94,0,22.55,17.65,18.63,11.76,26.47,13348,13496,13624,13740,13880,13924,14148,14308,14308,14388,14416,14524,14612,14792,14980,14944,15044,15148,15280,15276,15160,832,880,902,949,976,992,1032,832,880,902,949,976,992,1032,1037,1003,1022,1028,1025,1042,1083,2.1,4.2,13,12,75,45.24,97.25
Beringen,71004,295000,195000,4.88,0,18.57,21.39,18.39,10.51,26.27,73744,74488,75328,76448,77068,78048,78712,79264,79812,79928,80612,81004,81304,81884,81396,82064,82672,83156,83592,83288,83872,4624,4712,4871,4994,5176,5333,5472,4624,4712,4871,4994,5176,5333,5472,5527,5593,5700,5816,5860,5884,5965,2.6,4.7,27,17,56,37.98,98.06
Diepenbeek,71011,312500,219000,4.92,0,18.44,34.43,13.93,7.38,20.9,32212,32328,32788,33268,33340,33488,33428,33448,33464,33636,33696,33692,33668,33932,34044,34256,34232,34340,34496,34676,34948,2291,2290,2412,2489,2496,2514,2511,2291,2290,2412,2489,2496,2514,2511,2536,2538,2557,2571,2558,2557,2588,2.6,5,27,16,57,14.03,87.85
Genk,71016,290000,196150,1.81,0,15.36,26.36,19.28,12.35,24.85,106648,107928,108880,110456,111612,112984,113864,114744,115684,115932,116820,117596,118180,118992,118952,120032,120860,121600,122128,121688,122344,7903,8114,8247,8547,8849,9045,9220,7903,8114,8247,8547,8849,9045,9220,9353,9490,9614,9691,9773,9806,9900,4.3,6.9,19,13,68,50.28,96.78
Gingelom,71017,250000,160000,1.69,0,15.25,21.19,16.1,13.56,32.2,13760,13836,13948,14328,14452,14420,14508,14484,14512,14484,14416,14468,14608,14592,14676,14624,14728,14744,14748,14752,14724,882,901,929,954,1003,1023,1085,882,901,929,954,1003,1023,1085,1071,1064,1052,1057,1076,1093,1077,9.3,12.3,45,18,37,0,0
Halen,71020,277500,192000,2.29,0,13.74,20.61,13.74,12.98,36.64,16024,16068,16252,16468,16612,16440,16532,16636,16760,16788,16604,16796,16816,16896,16976,16848,16928,17004,16960,16956,16724,1144,1182,1196,1235,1282,1278,1300,1144,1182,1196,1235,1282,1278,1300,1317,1335,1344,1313,1354,1382,1423,6.8,10.4,47,13,40,0,62.16
Hasselt,71022,321500,225000,4.98,0.19,24.69,26.48,15.21,8.92,19.53,145312,146784,148532,150544,150376,151324,152220,152940,153704,153560,154992,156004,157040,157976,156516,158076,159040,160056,161172,159824,160972,13533,13837,14226,14573,14606,14842,15004,13533,13837,14226,14573,14606,14842,15004,15118,15273,15239,15532,15669,15863,16041,6.2,10.2,25,14,61,34.62,92.29
Herk-de-Stad,71024,295000,210000,7.38,0,16.11,18.79,14.77,5.37,37.58,21188,21384,21600,21728,21648,21528,21432,21296,21280,21308,21228,21332,21408,21500,21644,21628,21644,21752,21764,21732,21700,1418,1463,1499,1528,1520,1518,1505,1418,1463,1499,1528,1520,1518,1505,1457,1450,1458,1457,1463,1470,1489,2.2,3.8,38,11,51,0,61.68
Leopoldsburg,71034,279000,180000,4.95,0,13.51,25.68,22.52,11.71,21.62,27344,27856,28160,28772,29036,29364,29388,29524,29784,30104,30292,30212,30040,30424,30740,31024,30956,31060,31432,31712,32040,2175,2246,2327,2417,2440,2477,2500,2175,2246,2327,2417,2440,2477,2500,2534,2560,2599,2617,2600,2571,2647,3.6,6,26,14,60,51.1,97.95
Lummen,71037,340000,221500,5.29,0,19.58,24.34,15.34,8.47,26.98,25092,25436,25808,25984,26228,26472,26532,26608,26740,26944,27108,27112,27200,27396,27588,27760,27760,27632,27780,27832,27964,1620,1666,1746,1747,1790,1830,1807,1620,1666,1746,1747,1790,1830,1807,1835,1838,1878,1895,1920,1967,1994,2.4,4.5,36,14,50,5.27,87.14
Nieuwerkerken,71045,275000,200000,2.25,0,16.85,22.47,15.73,16.85,25.84,11640,11792,11820,12068,12052,12008,11984,11808,11824,11760,11744,11768,11664,11584,11644,11600,11644,11608,11556,11512,11496,746,783,814,828,831,832,831,746,783,814,828,831,832,831,824,834,818,830,842,845,826,2.8,5.2,36,15,49,0,38.31
Sint-Truiden,71053,245000,190000,3.81,0.18,16.15,27.4,15.61,10.71,26.13,72056,72368,73000,74188,74872,75864,76712,77336,77768,77876,78596,79180,79616,80128,79308,80164,80724,81272,81936,81244,81804,6010,6126,6260,6454,6650,6853,7012,6010,6126,6260,6454,6650,6853,7012,7132,7185,7205,7343,7456,7507,7554,8.6,12.9,36,19,45,0,50.36
Tessenderlo,71057,280000,210000,3.83,0,19.14,20.57,17.22,13.4,25.84,32044,32484,32724,32872,33212,33492,33648,33864,33660,34024,34168,34420,34488,34128,34460,34636,34812,34932,34752,34968,35092,2307,2371,2439,2513,2592,2641,2660,2307,2371,2439,2513,2592,2641,2660,2703,2698,2752,2760,2837,2836,2788,5.8,9.7,23,16,61,12.56,92.84
Zonhoven,71066,302500,230000,3.89,0,12.45,34.63,12.06,10.12,26.85,35040,35408,35980,36476,36840,37052,37016,37072,37084,37140,37320,37060,37020,37096,37228,37444,37112,37060,37176,37312,37432,2256,2316,2429,2514,2584,2631,2688,2256,2316,2429,2514,2584,2631,2688,2702,2726,2745,2779,2753,2776,2793,1.3,2.8,19,15,66,29.3,98.44
Zutendaal,71067,269500,195000,3.96,0,12.87,31.68,16.83,11.88,22.77,12372,12480,12624,12812,12960,12916,12924,13004,13084,13232,13160,13276,13400,13460,13596,13528,13656,13692,13804,13916,13764,828,867,898,943,939,941,935,828,867,898,943,939,941,935,942,951,979,981,984,999,987,2.3,4.5,6,11,83,30.92,97.35
Ham,71069,271000,210000,3.47,0,17.36,31.25,12.5,5.56,29.86,18252,18532,18912,19160,19276,19316,19488,19528,19684,19808,19744,19996,20124,20240,20368,20336,20452,20608,20700,20800,20772,1193,1252,1314,1353,1365,1390,1415,1193,1252,1314,1353,1365,1390,1415,1403,1432,1429,1425,1473,1490,1491,1.7,3.2,17,13,70,36.18,96.66
Heusden-Zolder,71070,295000,199500,3.85,0,12.42,27.84,13.28,20.98,21.63,53492,54060,54620,55220,55904,56412,56540,56584,57060,57304,57604,57512,57480,57892,58268,58708,58556,58560,58956,59188,59376,3387,3400,3580,3623,3719,3793,3834,3387,3400,3580,3623,3719,3793,3834,3832,3865,3884,3891,3873,3884,3896,1.6,3.4,21,19,60,41.21,98.27
Bocholt,72003,293750,200000,1.69,0,18.64,44.49,16.1,4.24,14.83,22092,22444,22996,23508,23676,23544,23696,23740,23860,23984,23916,23984,24140,24240,24296,24204,24328,24468,24508,24584,24404,1493,1546,1624,1692,1739,1741,1781,1493,1546,1624,1692,1739,1741,1781,1806,1833,1853,1870,1879,1911,1917,2.5,5.3,16,17,67,50.41,96.92
Bree,72004,249000,190000,1.64,0,18.58,24.04,18.03,8.2,29.51,27964,28104,28704,29588,29716,29660,29876,29940,30100,30216,29952,30272,30436,30608,30824,30676,30908,31060,31228,31392,31120,2134,2177,2272,2421,2445,2465,2484,2134,2177,2272,2421,2445,2465,2484,2484,2464,2479,2456,2499,2535,2531,7.6,11.2,19,11,70,55.49,95.27
Kinrooi,72018,305500,180000,2.48,0,24.79,20.66,14.88,9.09,28.1,20040,20228,20348,20712,20712,20808,20872,20692,20856,20960,21024,21000,20856,20936,20856,20808,20860,20780,20780,20816,20800,1220,1268,1279,1361,1372,1391,1444,1220,1268,1279,1361,1372,1391,1444,1441,1466,1490,1494,1490,1464,1490,2.5,4.5,20,17,63,51.4,94.95
Lommel,72020,309750,199000,3.53,0.19,23.05,27.7,19.7,7.62,18.22,57712,58320,58924,59796,60216,60648,60624,60844,61264,61412,61748,61560,61352,61660,61976,62276,61928,61824,62212,62424,62608,3953,4093,4275,4347,4385,4407,4441,3953,4093,4275,4347,4385,4407,4441,4528,4631,4641,4685,4712,4683,4742,2.4,4.6,18,16,66,14.54,98.17
Maaseik,72021,280000,186000,5.42,0,20.58,28.52,16.25,8.66,20.58,43624,43984,44320,44868,45060,45272,45432,45748,45640,45820,45948,46064,46348,46188,46444,46696,46848,47068,46900,47088,47288,3338,3382,3442,3523,3552,3615,3623,3338,3382,3442,3523,3552,3615,3623,3669,3685,3724,3736,3727,3799,3801,7.2,11.5,16,15,69,62.17,98.4
Peer,72030,295750,196000,2.56,0,13.92,41.76,18.32,6.23,17.22,27252,27520,27760,27996,28156,28356,28340,28332,28504,28684,28744,28720,28612,28840,28864,28996,28900,28876,28940,29068,29220,1922,1928,1984,2040,2085,2108,2140,1922,1928,1984,2040,2085,2108,2140,2162,2168,2201,2207,2220,2174,2253,1.4,3.1,20,8,72,5.01,86.26
Hamont-Achel,72037,345000,200000,1.82,0.36,18.91,36,19.64,10.91,12.36,23736,23964,24208,24268,24484,24560,24644,24712,24716,24700,24608,24680,24756,24824,25004,24864,24996,25152,25300,25368,25232,1656,1693,1748,1745,1804,1820,1845,1656,1693,1748,1745,1804,1820,1845,1855,1888,1866,1850,1851,1882,1891,1.2,2.5,25,15,60,69.39,99.65
Hechtel-Eksel,72038,275000,192500,1.88,0,16.43,39.44,14.08,9.39,18.78,20492,20628,21012,21192,21536,21568,21784,21972,22192,22396,22308,22368,22372,22596,22804,22744,22964,23036,23108,23188,23068,1305,1343,1367,1367,1447,1478,1511,1305,1343,1367,1367,1447,1478,1511,1539,1554,1597,1604,1605,1598,1623,2.7,4.6,23,9,68,0.39,93.86
Houthalen-Helchteren,72039,300000,195000,1.48,0,10.86,33.22,32.4,8.88,13.16,47944,48368,48964,49480,50216,50728,50808,50976,51224,51580,51896,51744,51516,51996,52340,52692,52396,52452,52848,53204,53588,2931,3045,3093,3180,3311,3358,3422,2931,3045,3093,3180,3311,3358,3422,3479,3499,3547,3576,3576,3574,3653,3.1,5.4,23,18,59,42.79,98.16
Dilsen-Stokkem,72041,245000,193000,3.83,0,18.3,23.83,20.43,9.79,23.83,33872,34420,34812,35312,35616,35556,35788,35952,36212,36376,36252,36456,36632,36876,36964,36748,36996,37212,37604,37684,37632,2215,2307,2392,2434,2497,2521,2537,2215,2307,2392,2434,2497,2521,2537,2585,2619,2635,2648,2640,2697,2724,4.3,8.2,13,10,77,58.74,98.39
Oudsbergen,72042,291000,200000,1.94,0,18.22,23.64,18.6,10.08,27.52,38168,38392,38684,39184,39824,40116,40504,40736,40512,40756,41096,41344,41608,41156,41384,41644,41824,42104,41748,41964,42044,2275,2334,2396,2449,2585,2652,2729,2275,2334,2396,2449,2585,2652,2729,2774,2824,2874,2915,2955,2990,2925,3.2,5.5,15,15,70,41.26,95.29
Pelt,72043,310000,205000,3.56,0,19.21,35.84,20.2,6.93,14.26,55932,56820,57568,58660,59136,59480,59884,60136,60100,60552,60960,61368,61788,61288,61756,62360,62656,63152,62948,63212,63440,4021,4137,4273,4435,4523,4548,4630,4021,4137,4273,4435,4523,4548,4630,4654,4665,4753,4818,4869,4892,4840,2.4,5.3,27,13,60,49.78,98.64
Alken,73001,283750,207500,1.56,0,19.53,23.44,22.66,11.72,21.09,19196,19436,19716,19844,19980,19892,19928,20024,20072,20204,20140,20196,20288,20328,20504,20336,20468,20544,20568,20664,20484,1269,1305,1360,1383,1426,1444,1462,1269,1305,1360,1383,1426,1444,1462,1464,1451,1464,1493,1502,1511,1506,3.5,5.5,30,15,55,0,50.37
Bilzen,73006,257000,181000,4.86,0,17.43,19.71,15.71,12.29,30,54148,54692,54936,55688,56088,56288,56044,56220,56412,56428,56652,56420,56164,56608,56804,56992,56872,56972,57192,57432,57716,3847,3971,4024,4177,4291,4325,4351,3847,3971,4024,4177,4291,4325,4351,4418,4479,4454,4515,4488,4439,4519,4.9,7.7,32,12,56,0.4,80.67
Borgloon,73009,269000,175000,1.85,0,14.81,14.2,23.46,10.49,35.19,18564,18936,19380,19736,20076,20124,20308,20596,20788,21056,21084,21300,21488,21648,21872,21960,22188,22384,22548,22560,22640,1308,1375,1448,1496,1520,1543,1552,1308,1375,1448,1496,1520,1543,1552,1577,1579,1606,1616,1628,1622,1644,4.8,8,39,18,43,0,29.17
Heers,73022,240000,169000,5.31,0,14.16,16.81,20.35,11.5,31.86,12172,12276,12488,12628,12844,12952,13120,12976,13160,13216,13316,13312,13288,13512,13584,13604,13816,13796,13896,13920,13984,802,827,845,863,873,864,887,802,827,845,863,873,864,887,882,903,893,898,881,888,914,7.9,12.7,29,19,52,0,5.61
Hoeselt,73032,256250,170000,1.98,0,9.9,30.69,13.86,19.8,23.76,16200,16488,16724,17004,17028,16964,17052,17068,17076,17088,16904,17020,17032,17060,17144,16940,16952,16976,17044,17008,16736,1099,1160,1186,1244,1259,1298,1332,1099,1160,1186,1244,1259,1298,1332,1339,1346,1368,1353,1389,1398,1419,2.8,5.6,41,21,38,0,58.93
Kortessem,73040,275000,238500,3.85,0,19.23,34.62,13.08,7.69,21.54,14128,14240,14548,14860,15012,14864,14944,15020,15148,15204,15092,15112,15216,15300,15360,15212,15344,15380,15472,15468,15280,911,930,955,1014,1047,1036,1037,911,930,955,1014,1047,1036,1037,1054,1087,1098,1086,1086,1095,1102,2.9,5.6,31,19,50,0,50.16
Lanaken,73042,300000,189500,4.04,0.27,21.56,23.72,16.98,9.97,23.45,44476,44888,45600,45932,46196,46436,46476,46312,46004,46292,46724,46804,47044,46732,46876,47016,47220,47348,46992,47312,47584,3318,3394,3498,3591,3615,3650,3685,3318,3394,3498,3591,3615,3650,3685,3681,3679,3736,3833,3837,3874,3807,7.7,12.7,27,23,50,35.6,93.95
Riemst,73066,270000,172250,5.1,0,20,28.63,15.29,7.84,23.14,27796,27872,28088,28440,28480,28532,28372,28284,28468,28568,28620,28416,28340,28536,28564,28636,28572,28504,28472,28604,28608,1886,1905,1941,2036,2032,2042,2047,1886,1905,1941,2036,2032,2042,2047,2048,2074,2099,2127,2080,2112,2163,8.9,13.1,41,19,40,1.12,52.07
Tongeren,73083,235000,166500,2,0,17.43,22.44,20.24,10.62,27.25,54412,54976,55656,56332,56672,56916,56696,56620,56828,56992,56968,56860,56852,56960,57116,57384,57376,57136,57468,57776,58092,4379,4528,4637,4750,4853,4918,4928,4379,4528,4637,4750,4853,4918,4928,4937,4955,4986,4964,4938,4934,4907,8.6,14.3,54,14,32,0,58.19
Wellen,73098,310000,230000,4.94,0,13.58,30.86,20.99,6.17,23.46,12476,12616,12816,12952,12952,12868,12944,12908,12912,12860,12744,12736,12648,12712,12712,12596,12648,12632,12660,12628,12616,798,813,855,890,908,950,977,798,813,855,890,908,950,977,970,976,984,991,985,966,979,4.9,7.9,44,15,41,0,41.58
Maasmechelen,73107,265000,180000,2.08,0,33.97,23.56,12.82,9.13,18.43,62836,63588,64412,65508,66732,68020,68380,68804,69692,70492,71016,71212,71396,72124,72848,73692,73556,73656,74416,75108,75588,4387,4498,4708,4864,4997,5145,5205,4387,4498,4708,4864,4997,5145,5205,5234,5377,5460,5485,5488,5471,5561,6.1,11.3,29,16,55,67.03,98.52
Voeren,73109,311000,180000,4.62,0,16.92,20,13.85,15.38,29.23,7124,7216,7384,7576,7556,7556,7508,7448,7504,7500,7500,7472,7484,7464,7488,7524,7516,7492,7532,7556,7628,532,540,552,586,600,593,573,532,540,552,586,600,593,573,571,588,579,587,589,594,576,19.7,25.3,47,13,40,0,23.23
